1,098,41;41;El activo con placa N°6105-2866, el cual corresponde a un Monitor, y que consta en el Folio 072 y;pending
1,099,01;1;asiento 27, del tomo 1 del Libro de Inventario, fue trasladado del Laboratorio Institucional N°2 a;pending
1,099,02;2;la Especialidad de Electrónica Industrial, a partir del 18 de febrero del 2022.;pending
1,099,03;3;El activo con placa N°6105-2867, el cual corresponde a un Monitor, y que consta en el Folio 072 y;pending
1,099,04;4;asiento 28, del tomo 1 del Libro de Inventario, fue trasladado del Laboratorio Institucional N°2 a la;pending
1,099,05;5;Especialidad de Electrónica Industrial, a partir del 18 de febrero del 2022.;pending
1,099,06;6;El activo con placa N°6105-2868, el cual corresponde a un Monitor, y que consta en el Folio 072 y ;pending
1,099,07;7;asiento 29, del tomo 1 del Libro de Inventario, fue trasladado del Laboratorio Institucional N°2 a la ;pending
1,099,08;8;Especialidad de Electrónica Industrial, a partir del 18 de febrero del 2022.;pending
1,099,09;9;El activo con placa N°6105-2869, el cual corresponde a un Monitor, y que consta en el Folio 072 y;pending
1,099,10;10;asiento 30, del tomo 1 del Libro de Inventario, fue trasladado del Laboratorio Institucional N°2 a la;pending
1,099,11;11;Especialidad de Electrónica Industrial, a partir del 18 de febrero del 2022.;pending
1,099,12;12;El activo con placa N°6105-2870, el cual corresponde a un Monitor, y que consta en el Folio 072 y;pending
1,099,13;13;asiento 31, del tomo 1 del Libro de Inventario, fue trasladado del Laboratorio Institucional N°2 a la;pending
1,099,14;14;Especialidad de Electrónica Industrial, a partir del 18 de febrero del 2022.;pending
1,099,15;15;El activo con placa N°6105-2871, el cual corresponde a un Monitor, y que consta en el Folio 072 y;pending
1,099,16;16;asiento 32, del tomo 1 del Libro de Inventario, fue trasladado del Laboratorio Institucional N°2 a la;pending
1,099,17;17;Especialidad de Electrónica Industrial, a partir del 18 de febrero del 2022.;pending
1,099,18;18;El activo con placa N°6105-2872, el cual corresponde a un Monitor, y que consta en el Folio 072 y;pending
1,099,19;19;asiento 33, del tomo 1 del Libro de Inventario, fue trasladado del Laboratorio Institucional N°2 a la;pending
1,099,20;20;Especialidad de Electrónica Industrial, a partir del 18 de febrero del 2022.;pending
1,099,21;21;El activo con placa N°6105-2873, el cual corresponde a un Monitor, y que consta en el Folio 072 y;pending
1,099,22;22;asiento 34, del tomo 1 del Libro de Inventario, fue trasladado del Laboratorio Institucional N°2 a la ;pending
1,099,23;23;Especialidad de Electrónica Industrial, a partir del 18 de febrero del 2022.;pending
1,099,24;24;El activo con placa N°6105-2874, el cual corresponde a un Monitor, y que consta en el Folio 072 y;pending
1,099,25;25;asiento 35, del tomo 1 del Libro de Inventario, fue trasladado del Laboratorio Institucional N°2 a la;pending
1,099,26;26;Especialidad de Electrónica Industrial, a partir del 18 de febrero del 2022.;pending
1,099,27;27;El activo con placa N°6105-2875, el cual corresponde a un Monitor, y que consta en el Folio 072 y;pending
1,099,28;28;asiento 36, del tomo 1 del Libro de Inventario, fue trasladado del Laboratorio Institucional N°2 a la;pending
1,099,29;29;Especialidad de Electrónica Industrial, a partir del 18 de febrero del 2022.;pending
1,099,30;30;El activo con placa N°6105-2876, el cual corresponde a un Monitor, y que consta en el Folio 072 y;pending
1,099,31;31;asiento 37, del tomo 1 del Libro de Inventario, fue trasladado del Laboratorio Institucional N°2 a la;pending
1,099,32;32;Especialidad de Electrónica Industrial, a partir del 18 de febrero del 2022.;pending
1,099,33;33;El activo con placa N°6105-2877, el cual corresponde a un Monitor, y que consta en el Folio 072 y;pending
1,099,34;34;asiento 38, del tomo 1 del Libro de Inventario, fue trasladado del Laboratorio Institucional N°2 a la;pending
1,099,35;35;Especialidad de Electrónica Industrial, a partir del 18 de febrero del 2022.;pending
1,099,36;36;El activo con placa N°6105-2878, el cual corresponde a un Monitor, y que consta en el Folio 072 y ;pending
1,099,37;37;asiento 39, del tomo 1 del Libro de Inventario, fue trasladado del Laboratorio Institucional N°2 a la;pending
1,099,38;38;Especialidad de Electrónica Industrial, a partir del 18 de febrero del 2022.;pending
1,099,39;39;El activo con placa N°6105-2879, el cual corresponde a un Monitor, y que consta en el Folio 072 y ;pending
1,099,40;40;asiento 40, del tomo 1 del Libro de Inventario, fue trasladado del Laboratorio Institucional N°2 a la;pending
1,099,41;41;Especialidad de Electrónica Industrial, a partir del 18 de febrero del 2022.;pending
1,100,01;1;El activo con placa N°6105-2880, el cual corresponde a un Monitor, y que consta en el Folio 072 y ;pending
1,100,02;2;asiento 41, del tomo 1 del Libro de Inventario, fue trasladado del Laboratorio Institucional N°2 a la ;pending
1,100,03;3;Especialidad de Electrónica Industrial, a partir del 18 de febrero del 2022.;pending
1,100,04;4;El activo con placa N°6105-2881 el cual corresponde a un Monitor, y que consta en el Folio 073 y;pending
1,100,05;5;asiento 02, del tomo 1 del Libro de Inventario, fue trasladado del Laboratorio Institucional N°2 a la;pending
1,100,06;6;Especialidad de Electrónica Industrial, a partir del 18 de febrero del 2022.;pending
1,100,07;7;El activo con placa N°6105-2882, el cual corresponde a un Monitor, y que consta en el Folio 073 y ;pending
1,100,08;8;asiento 03, del tomo 1 del Libro de Inventario, fue trasladado del Laboratorio Institucional N°2 a la;pending
1,100,09;9;Especialidad de Electrónica Industrial, a partir del 18 de febrero del 2022.;pending
1,100,10;10;El activo con placa N°6105-2838, el cual corresponde a un Monitor, y que consta en el Folio 071 y ;pending
1,100,11;11;asiento 39, del tomo 1 del Libro de Inventario, fue trasladado del Laboratorio Institucional N°2 a la;pending
1,100,12;12;Especialidad de Electrónica Industrial, a partir del 18 de febrero del 2022.;pending
1,100,13;13;El activo con placa N°6105-2839, el cual corresponde a un Monitor, y que consta en el Folio 071 y;pending
1,100,14;14;asiento 40, del tomo 1 del Libro de Inventario, fue trasladado del Laboratorio Institucional N°2 a la;pending
1,100,15;15;Especialidad de Electrónica Industrial, a partir del 18 de febrero del 2022.;pending
1,100,16;16;El activo con placa N°6105-2840, el cual corresponde a un Monitor, y que consta en el Folio 071 y;pending
1,100,17;17;asiento 41, del tomo 1 del Libro de Inventario, fue trasladado del Laboratorio Institucional N°2 a la;pending
1,100,18;18;Especialidad de Electrónica Industrial, a partir del 18 de febrero del 2022.;pending
1,100,19;19;El activo con placa N°6105-2841, el cual corresponde a un CPU, y que consta en el Folio 072 y asiento;pending
1,100,20;20;02, del tomo 1 del Libro de Inventario, fue trasladado del Laboratorio Institucional N°2 a la;pending
1,100,21;21;Especialidad de Electrónica Industrial, a partir del 18 de febrero del 2022.;pending
1,100,22;22;El activo con placa N°6105-2842, el cual corresponde a un CPU, y que consta en el Folio 072 y asiento;pending
1,100,23;23;03, del tomo 1 del Libro de Inventario, fue trasladado del Laboratorio Institucional N°2 a la;pending
1,100,24;24;Especialidad de Electrónica Industrial, a partir del 18 de febrero del 2022.;pending
1,100,25;25;El activo con placa N°6105-2851, el cual corresponde a un CPU, y que consta en el Folio 072 y asiento;pending
1,100,26;26;12, del tomo 1 del Libro de Inventario, fue trasladado del Laboratorio Institucional N°2 a la;pending
1,100,27;27;Especialidad de Electrónica Industrial, a partir del 18 de febrero del 2022.;pending
1,100,28;28;El activo con placa N°6105-2852, el cual corresponde a un CPU, y que consta en el Folio 072 y asiento;pending
1,100,29;29;13, del tomo 1 del Libro de Inventario, fue trasladado del Laboratorio Institucional N°2 a la;pending
1,100,30;30;Especialidad de Electrónica Industrial, a partir del 18 de febrero del 2022.;pending
1,100,31;31;El activo con placa N°6105-2853, el cual corresponde a un CPU, y que consta en el Folio 072 y asiento;pending
1,100,32;32;14, del tomo 1 del Libro de Inventario, fue trasladado del Laboratorio Institucional N°2 a la ;pending
1,100,33;33;Especialidad de Electrónica Industrial, a partir del 18 de febrero del 2022.;pending
1,100,34;34;El activo con placa N°6105-2854, el cual corresponde a un CPU, y que consta en el Folio 072 y asiento;pending
1,100,35;35;15, del tomo 1 del Libro de Inventario, fue trasladado del Laboratorio Institucional N°2 a la;pending
1,100,36;36;Especialidad de Electrónica Industrial, a partir del 18 de febrero del 2022.;pending
1,100,37;37;El activo con placa N°6105-2855, el cual corresponde a un CPU, y que consta en el Folio 072 y asiento;pending
1,100,38;38;16, del tomo 1 del Libro de Inventario, fue trasladado del Laboratorio Institucional N°2 a la;pending
1,100,39;39;Especialidad de Electrónica Industrial, a partir del 18 de febrero del 2022.;pending
1,100,40;40;El activo con placa N°6105-2856, el cual corresponde a un CPU, y que consta en el Folio 072 y asiento;pending
1,100,41;41;17, del tomo 1 del Libro de Inventario, fue trasladado del Laboratorio Institucional N°2 a la;pending
1,101,01;1;Especialidad de Electrónica Industrial, a partir del 18 de febrero del 2022.;pending
1,101,02;2;El activo con placa N°6105-2857, el cual corresponde a un CPU, y que consta en el Folio 072 y asiento;pending
1,101,03;3;18, del tomo 1 del Libro de Inventario, fue trasladado del Laboratorio Institucional N°2 a la;pending
1,101,04;4;Especialidad de Electrónica Industrial, a partir del 18 de febrero del 2022.;pending
1,101,05;5;El activo con placa N°6105-2858, el cual corresponde a un CPU, y que consta en el Folio 072 y asiento;pending
1,101,06;6;19, del tomo 1 del Libro de Inventario, fue trasladado del Laboratorio Institucional N°2 a la;pending
1,101,07;7;Especialidad de Electrónica Industrial, a partir del 18 de febrero del 2022.;pending
1,101,08;8;El activo con placa N°6105-2859, el cual corresponde a un CPU, y que consta en el Folio 072 y asiento;pending
1,101,09;9;20, del tomo 1 del Libro de Inventario, fue trasladado del Laboratorio Institucional N°2 a la;pending
1,101,10;10;Especialidad de Electrónica Industrial, a partir del 18 de febrero del 2022.;pending
1,101,11;11;El activo con placa N°6105-2860, el cual corresponde a un CPU, y que consta en el Folio 072 y asiento;pending
1,101,12;12;21, del tomo 1 del Libro de Inventario, fue trasladado del Laboratorio Institucional N°2 a la ;pending
1,101,13;13;Especialidad de Electrónica Industrial, a partir del 18 de febrero del 2022.;pending
1,101,14;14;El activo con placa N°6105-2861, el cual corresponde a un CPU, y que consta en el Folio 072 y asiento;pending
1,101,15;15;22, del tomo 1 del Libro de Inventario, fue trasladado del Laboratorio Institucional N°2 a la;pending
1,101,16;16;Especialidad de Electrónica Industrial, a partir del 18 de febrero del 2022.;pending
1,101,17;17;El activo con placa N°6105-2862, el cual corresponde a un CPU, y que consta en el Folio 072 y asiento;pending
1,101,18;18;23, del tomo 1 del Libro de Inventario, fue trasladado del Laboratorio Institucional N°2 a la;pending
1,101,19;19;Especialidad de Electrónica Industrial, a partir del 18 de febrero del 2022.;pending
1,101,20;20;El activo con placa N°6105-2863, el cual corresponde a un CPU, y que consta en el Folio 072 y asiento;pending
1,101,21;21;24, del tomo 1 del Libro de Inventario, fue trasladado del Laboratorio Institucional N°2 a la;pending
1,101,22;22;Especialidad de Electrónica Industrial, a partir del 18 de febrero del 2022.;pending
1,101,23;23;El activo con placa N°6105-2864, el cual corresponde a un CPU, y que consta en el Folio 072 y asiento;pending
1,101,24;24;25, del tomo 1 del Libro de Inventario, fue trasladado del Laboratorio Institucional N°2 a la ;pending
1,101,25;25;Especialidad de Electrónica Industrial, a partir del 18 de febrero del 2022.;pending
1,101,26;26;El activo con placa N°6105-2865, el cual corresponde a un CPU, y que consta en el Folio 072 y asiento;pending
1,101,27;27;26, del tomo 1 del Libro de Inventario, fue trasladado del Laboratorio Institucional N°2 a la ;pending
1,101,28;28;Especialidad de Electrónica Industrial, a partir del 18 de febrero del 2022.;pending
1,101,29;29;El activo con placa N°6105-2914, el cual corresponde a un CPU, y que consta en el Folio 073 y asiento;pending
1,101,30;30;35, del tomo 1 del Libro de Inventario, fue trasladado del Laboratorio Institucional N°2 a la;pending
1,101,31;31;Especialidad de Electrónica Industrial, a partir del 18 de febrero del 2022.;pending
1,101,32;32;El activo con placa N°6105-2915, el cual corresponde a un CPU, y que consta en el Folio 073 y asiento;pending
1,101,33;33;36, del tomo 1 del Libro de Inventario, fue trasladado del Laboratorio Institucional N°2 a la ;pending
1,101,34;34;Especialidad de Electrónica Industrial, a partir del 18 de febrero del 2022.;pending
1,101,35;35;El activo con placa N°6105-2850, el cual corresponde a una UPS, y que consta en el Folio 072 y;pending
1,101,36;36;asiento 11, del tomo 1 del Libro de Inventario, fue trasladado del Laboratorio Institucional N°2 a la ;pending
1,101,37;37;Especialidad de Electrónica Industrial, a partir del 18 de febrero del 2022.;pending
1,101,38;38;El activo con placa N°6105-2817, el cual corresponde a una UPS, y que consta en el Folio 071 y;pending
1,101,39;39;asiento 18, del tomo 1 del Libro de Inventario, fue trasladado del Laboratorio Institucional N°2 a la ;pending
1,101,40;40;Especialidad de Electrónica Industrial, a partir del 18 de febrero del 2022.;pending
1,101,41;41;El activo con placa N°6105-2818, el cual corresponde a una UPS, y que consta en el Folio 071 y ;pending
1,102,01;1;asiento 19, del tomo 1 del Libro de Inventario, fue trasladado del Laboratorio Institucional N°2 a la;pending
1,102,02;2;Especialidad de Electrónica Industrial, a partir del 18 de febrero del 2022.;pending
1,102,03;3;El activo con placa N°6105-2819, el cual corresponde a una UPS, y que consta en el Folio 071 y;pending
1,102,04;4;asiento 20, del tomo 1 del Libro de Inventario, fue trasladado del Laboratorio Institucional N°2 a la;pending
1,102,05;5;Especialidad de Electrónica Industrial, a partir del 18 de febrero del 2022.;pending
1,102,06;6;El activo con placa N°6105-2820, el cual corresponde a una UPS, y que consta en el Folio 071 y ;pending
1,102,07;7;asiento 21, del tomo 1 del Libro de Inventario, fue trasladado del Laboratorio Institucional N°2 a la;pending
1,102,08;8;Especialidad de Electrónica Industrial, a partir del 18 de febrero del 2022.;pending
1,102,09;9;El activo con placa N°6105-2821, el cual corresponde a una UPS, y que consta en el Folio 071 y;pending
1,102,10;10;asiento 22, del tomo 1 del Libro de Inventario, fue trasladado del Laboratorio Institucional N°2 a la;pending
1,102,11;11;Especialidad de Electrónica Industrial, a partir del 18 de febrero del 2022.;pending
1,102,12;12;El activo con placa N°6105-2822, el cual corresponde a una UPS, y que consta en el Folio 071 y;pending
1,102,13;13;asiento 23, del tomo 1 del Libro de Inventario, fue trasladado del Laboratorio Institucional N°2 a la ;pending
1,102,14;14;Especialidad de Electrónica Industrial, a partir del 18 de febrero del 2022.;pending
1,102,15;15;El activo con placa N°6105-2823, el cual corresponde a una UPS, y que consta en el Folio 071 y;pending
1,102,16;16;asiento 24, del tomo 1 del Libro de Inventario, fue trasladado del Laboratorio Institucional N°2 a la;pending
1,102,17;17;Especialidad de Electrónica Industrial, a partir del 18 de febrero del 2022.;pending
1,102,18;18;El activo con placa N°6105-2824, el cual corresponde a una UPS, y que consta en el Folio 071 y;pending
1,102,19;19;asiento 25, del tomo 1 del Libro de Inventario, fue trasladado del Laboratorio Institucional N°2 a la;pending
1,102,20;20;Especialidad de Electrónica Industrial, a partir del 18 de febrero del 2022.;pending
1,102,21;21;El activo con placa N°6105-2825, el cual corresponde a una UPS, y que consta en el Folio 071 y;pending
1,102,22;22;asiento 26, del tomo 1 del Libro de Inventario, fue trasladado del Laboratorio Institucional N°2 a la;pending
1,102,23;23;Especialidad de Electrónica Industrial, a partir del 18 de febrero del 2022.;pending
1,102,24;24;El activo con placa N°6105-2848, el cual corresponde a una MESA LARGA, y que consta en el Folio 072;pending
1,102,25;25;y asiento 09, del tomo 1 del Libro de Inventario, fue trasladado del Laboratorio Institucional N°2 a la;pending
1,102,26;26;Especialidad de Electrónica Industrial, a partir del 18 de febrero del 2022.;pending
1,102,27;27;El activo con placa N°6105-2849, el cual corresponde a una MESA LARGA, y que consta en el Folio 072;pending
1,102,28;28;y asiento 10, del tomo 1 del Libro de Inventario, fue trasladado del Laboratorio Institucional N°2 a la;pending
1,102,29;29;Especialidad de Electrónica Industrial, a partir del 18 de febrero del 2022.;pending
1,102,30;30;El activo con placa N°6105-2932, el cual corresponde a una MESA LARGA, y que consta en el Folio 074;pending
1,102,31;31;y asiento 13, del tomo 1 del Libro de Inventario, fue trasladado del Laboratorio Institucional N°2 a la;pending
1,102,32;32;Especialidad de Electrónica Industrial, a partir del 18 de febrero del 2022.;pending
1,102,33;33;El activo con placa N°6105-2934, el cual corresponde a una MESA LARGA, y que consta en el Folio 074;pending
1,102,34;34;y asiento 15, del tomo 1 del Libro de Inventario, fue trasladado del Laboratorio Institucional N°2 a la;pending
1,102,35;35;Especialidad de Electrónica Industrial, a partir del 18 de febrero del 2022.;pending
1,102,36;36;El activo con placa N°6105-2935, el cual corresponde a una MESA LARGA, y que consta en el Folio 074;pending
1,102,37;37;y asiento 16, del tomo 1 del Libro de Inventario, fue trasladado del Laboratorio Institucional N°2 a la;pending
1,102,38;38;Especialidad de Electrónica Industrial, a partir del 18 de febrero del 2022.;pending
1,102,39;39;El activo con placa N°6105-2845, el cual corresponde a una SILLA, y que consta en el Folio 072 y ;pending
1,102,40;40;asiento 06, del tomo 1 del Libro de Inventario, fue trasladado del Laboratorio Institucional N°2 a la;pending
1,102,41;41;Especialidad de Electrónica Industrial, a partir del 18 de febrero del 2022.;pending
1,103,01;1;El activo con placa N°6105-2846, el cual corresponde a una SILLA, y que consta en el Folio 072 y;pending
1,103,02;2;asiento 07, del tomo 1 del Libro de Inventario, fue trasladado del Laboratorio Institucional N°2 a la ;pending
1,103,03;3;Especialidad de Electrónica Industrial, a partir del 18 de febrero del 2022.;pending
1,103,04;4;El activo con placa N°6105-2913, el cual corresponde a una SILLA, y que consta en el Folio 073 y;pending
1,103,05;5;asiento 34, del tomo 1 del Libro de Inventario, fue trasladado del Laboratorio Institucional N°2 a la;pending
1,103,06;6;Especialidad de Electrónica Industrial, a partir del 18 de febrero del 2022.;pending
1,103,07;7;El activo con placa N°6105-2916, el cual corresponde a una SILLA, y que consta en el Folio 073 y ;pending
1,103,08;8;asiento 37, del tomo 1 del Libro de Inventario, fue trasladado del Laboratorio Institucional N°2 a la;pending
1,103,09;9;Especialidad de Electrónica Industrial, a partir del 18 de febrero del 2022.;pending
1,103,10;10;El activo con placa N°6105-2917, el cual corresponde a una SILLA, y que consta en el Folio 073 y ;pending
1,103,11;11;asiento 38, del tomo 1 del Libro de Inventario, fue trasladado del Laboratorio Institucional N°2 a la;pending
1,103,12;12;Especialidad de Electrónica Industrial, a partir del 18 de febrero del 2022.;pending
1,103,13;13;El activo con placa N°6105-2918, el cual corresponde a una SILLA, y que consta en el Folio 073 y ;pending
1,103,14;14;asiento 39, del tomo 1 del Libro de Inventario, fue trasladado del Laboratorio Institucional N°2 a la;pending
1,103,15;15;Especialidad de Electrónica Industrial, a partir del 18 de febrero del 2022.;pending
1,103,16;16;El activo con placa N°6105-2919, el cual corresponde a una SILLA, y que consta en el Folio 073 y;pending
1,103,17;17;asiento 40, del tomo 1 del Libro de Inventario, fue trasladado del Laboratorio Institucional N°2 a la;pending
1,103,18;18;Especialidad de Electrónica Industrial, a partir del 18 de febrero del 2022.;pending
1,103,19;19;El activo con placa N°6105-2920, el cual corresponde a una SILLA, y que consta en el Folio 073 y ;pending
1,103,20;20;asiento 41, del tomo 1 del Libro de Inventario, fue trasladado del Laboratorio Institucional N°2 a la;pending
1,103,21;21;Especialidad de Electrónica Industrial, a partir del 18 de febrero del 2022.;pending
1,103,22;22;El activo con placa N°6105-2921, el cual corresponde a una SILLA, y que consta en el Folio 074 y ;pending
1,103,23;23;asiento 02, del tomo 1 del Libro de Inventario, fue trasladado del Laboratorio Institucional N°2 a la;pending
1,103,24;24;Especialidad de Electrónica Industrial, a partir del 18 de febrero del 2022.;pending
1,103,25;25;El activo con placa N°6105-2922, el cual corresponde a una SILLA, y que consta en el Folio 074 y ;pending
1,103,26;26;asiento 03, del tomo 1 del Libro de Inventario, fue trasladado del Laboratorio Institucional N°2 a la ;pending
1,103,27;27;Especialidad de Electrónica Industrial, a partir del 18 de febrero del 2022.;pending
1,103,28;28;El activo con placa N°6105-2923, el cual corresponde a una SILLA, y que consta en el Folio 074 y ;pending
1,103,29;29;asiento 04, del tomo 1 del Libro de Inventario, fue trasladado del Laboratorio Institucional N°2 a la ;pending
1,103,30;30;Especialidad de Electrónica Industrial, a partir del 18 de febrero del 2022.;pending
1,103,31;31;El activo con placa N°6105-2924, el cual corresponde a una SILLA, y que consta en el Folio 074 y;pending
1,103,32;32;asiento 05, del tomo 1 del Libro de Inventario, fue trasladado del Laboratorio Institucional N°2 a la;pending
1,103,33;33;Especialidad de Electrónica Industrial, a partir del 18 de febrero del 2022.;pending
1,103,34;34;El activo con placa N°6105-2925, el cual corresponde a una SILLA, y que consta en el Folio 074 y;pending
1,103,35;35;asiento 06, del tomo 1 del Libro de Inventario, fue trasladado del Laboratorio Institucional N°2 a la ;pending
1,103,36;36;Especialidad de Electrónica Industrial, a partir del 18 de febrero del 2022.;pending
1,103,37;37;El activo con placa N°6105-2926, el cual corresponde a una SILLA, y que consta en el Folio 074 y;pending
1,103,38;38;asiento 07, del tomo 1 del Libro de Inventario, fue trasladado del Laboratorio Institucional N°2 a la;pending
1,103,39;39;Especialidad de Electrónica Industrial, a partir del 18 de febrero del 2022.;pending
1,103,40;40;El activo con placa N°6105-2927, el cual corresponde a una SILLA, y que consta en el Folio 074 y;pending
1,103,41;41;asiento 08, del tomo 1 del Libro de Inventario, fue trasladado del Laboratorio Institucional N°2 a la;pending
1,104,01;1;Especialidad de Electrónica Industrial, a partir del 18 de febrero del 2022.;pending
1,104,02;2;El activo con placa N°6105-2928, el cual corresponde a una SILLA, y que consta en el Folio 074 y;pending
1,104,03;3;asiento 09, del tomo 1 del Libro de Inventario, fue trasladado del Laboratorio Institucional N°2 a la;pending
1,104,04;4;Especialidad de Electrónica Industrial, a partir del 18 de febrero del 2022.;pending
1,104,05;5;El activo con placa N°6105-2929, el cual corresponde a una SILLA, y que consta en el Folio 074 y;pending
1,104,06;6;asiento 10, del tomo 1 del Libro de Inventario, fue trasladado del Laboratorio Institucional N°2 a la;pending
1,104,07;7;Especialidad de Electrónica Industrial, a partir del 18 de febrero del 2022.;pending
1,104,08;8;El activo con placa N°6105-2930, el cual corresponde a una SILLA, y que consta en el Folio 074 y ;pending
1,104,09;9;asiento 11, del tomo 1 del Libro de Inventario, fue trasladado del Laboratorio Institucional N°2 a la ;pending
1,104,10;10;Especialidad de Electrónica Industrial, a partir del 18 de febrero del 2022.;pending
1,104,11;11;El activo con placa N°6105-2931, el cual corresponde a una SILLA, y que consta en el Folio 074 y;pending
1,104,12;12;asiento 12, del tomo 1 del Libro de Inventario, fue trasladado del Laboratorio Institucional N°2 a la;pending
1,104,13;13;Especialidad de Electrónica Industrial, a partir del 18 de febrero del 2022.;pending
1,104,14;14;El activo con placa N°6105-2933, el cual corresponde a una SILLA, y que consta en el Folio 074 y;pending
1,104,15;15;asiento 14, del tomo 1 del Libro de Inventario, fue trasladado del Laboratorio Institucional N°2 a la;pending
1,104,16;16;Especialidad de Electrónica Industrial, a partir del 18 de febrero del 2022.;pending
1,104,17;17;El activo con placa N°6105-0459, el cual corresponde a un MONITOR LED, y que consta en el Folio 011;pending
1,104,18;18;y asiento 20, del tomo 1 del Libro de Inventario, fue trasladado del Laboratorio Institucional N°4 a ;pending
1,104,19;19;Talleres Exploratorios de Informática, a partir del 18 de febrero del 2022.;pending
1,104,20;20;El activo con placa N°6105-0460, el cual corresponde a un MONITOR LED, y que consta en el Folio 011;pending
1,104,21;21;y asiento 21, del tomo 1 del Libro de Inventario, fue trasladado del Laboratorio Institucional N°4 a ;pending
1,104,22;22;Talleres Exploratorios de Informática, a partir del 18 de febrero del 2022.;pending
1,104,23;23;El activo con placa N°6105-0461, el cual corresponde a un MONITOR LED, y que consta en el Folio 011;pending
1,104,24;24;y asiento 22, del tomo 1 del Libro de Inventario, fue trasladado del Laboratorio Institucional N°4 a ;pending
1,104,25;25;Talleres Exploratorios de Informática, a partir del 18 de febrero del 2022.;pending
1,104,26;26;El activo con placa N°6105-0462, el cual corresponde a un MONITOR LED, y que consta en el Folio 011;pending
1,104,27;27;y asiento 23, del tomo 1 del Libro de Inventario, fue trasladado del Laboratorio Institucional N°4 a ;pending
1,104,28;28;Talleres Exploratorios de Informática, a partir del 18 de febrero del 2022.;pending
1,104,29;29;El activo con placa N°6105-0463, el cual corresponde a un MONITOR LED, y que consta en el Folio 011;pending
1,104,30;30;y asiento 24, del tomo 1 del Libro de Inventario, fue trasladado del Laboratorio Institucional N°4 a;pending
1,104,31;31;Talleres Exploratorios de Informática, a partir del 18 de febrero del 2022.;pending
1,104,32;32;El activo con placa N°6105-0464, el cual corresponde a un MONITOR LED, y que consta en el Folio 011;pending
1,104,33;33;y asiento 25, del tomo 1 del Libro de Inventario, fue trasladado del Laboratorio Institucional N°4 a;pending
1,104,34;34;Talleres Exploratorios de Informática, a partir del 18 de febrero del 2022.;pending
1,104,35;35;El activo con placa N°6105-0465, el cual corresponde a un MONITOR LED, y que consta en el Folio 011;pending
1,104,36;36;y asiento 26, del tomo 1 del Libro de Inventario, fue trasladado del Laboratorio Institucional N°4 a ;pending
1,104,37;37;Talleres Exploratorios de Informática, a partir del 18 de febrero del 2022.;pending
1,104,38;38;El activo con placa N°6105-0466, el cual corresponde a un MONITOR LED, y que consta en el Folio 011;pending
1,104,39;39;y asiento 27, del tomo 1 del Libro de Inventario, fue trasladado del Laboratorio Institucional N°4 a;pending
1,104,40;40;Talleres Exploratorios de Informática, a partir del 18 de febrero del 2022.;pending
1,104,41;41;El activo con placa N°6105-0467, el cual corresponde a un MONITOR LED, y que consta en el Folio 011;pending
1,105,01;1;y asiento 28, del tomo 1 del Libro de Inventario, fue trasladado del Laboratorio Institucional N°4 a ;pending
1,105,02;2;Talleres Exploratorios de Informática, a partir del 18 de febrero del 2022.;pending
1,105,03;3;El activo con placa N°6105-0468, el cual corresponde a un MONITOR LED, y que consta en el Folio 011;pending
1,105,04;4;y asiento 29, del tomo 1 del Libro de Inventario, fue trasladado del Laboratorio Institucional N°4 a;pending
1,105,05;5;Talleres Exploratorios de Informática, a partir del 18 de febrero del 2022.;pending
1,105,06;6;El activo con placa N°6105-0469, el cual corresponde a un MONITOR LED, y que consta en el Folio 011;pending
1,105,07;7;y asiento 30, del tomo 1 del Libro de Inventario, fue trasladado del Laboratorio Institucional N°4 a ;pending
1,105,08;8;Talleres Exploratorios de Informática, a partir del 18 de febrero del 2022.;pending
1,105,09;9;El activo con placa N°6105-0470, el cual corresponde a un MONITOR LED, y que consta en el Folio 011;pending
1,105,10;10;y asiento 31, del tomo 1 del Libro de Inventario, fue trasladado del Laboratorio Institucional N°4 a;pending
1,105,11;11;Talleres Exploratorios de Informática, a partir del 18 de febrero del 2022.;pending
1,105,12;12;El activo con placa N°6105-0471, el cual corresponde a un MONITOR LED, y que consta en el Folio 011;pending
1,105,13;13;y asiento 32, del tomo 1 del Libro de Inventario, fue trasladado del Laboratorio Institucional N°4 a;pending
1,105,14;14;Talleres Exploratorios de Informática, a partir del 18 de febrero del 2022.;pending
1,105,15;15;El activo con placa N°6105-0472, el cual corresponde a un MONITOR LED, y que consta en el Folio 011;pending
1,105,16;16;y asiento 33, del tomo 1 del Libro de Inventario, fue trasladado del Laboratorio Institucional N°4 a ;pending
1,105,17;17;Talleres Exploratorios de Informática, a partir del 18 de febrero del 2022.;pending
1,105,18;18;El activo con placa N°6105-0473, el cual corresponde a un MONITOR LED, y que consta en el Folio 011;pending
1,105,19;19;y asiento 34, del tomo 1 del Libro de Inventario, fue trasladado del Laboratorio Institucional N°4 a ;pending
1,105,20;20;Talleres Exploratorios de Informática, a partir del 18 de febrero del 2022.;pending
1,105,21;21;El activo con placa N°6105-0474, el cual corresponde a un MONITOR LED, y que consta en el Folio 011;pending
1,105,22;22;y asiento 35, del tomo 1 del Libro de Inventario, fue trasladado del Laboratorio Institucional N°4 a;pending
1,105,23;23;Talleres Exploratorios de Informática, a partir del 18 de febrero del 2022.;pending
1,105,24;24;El activo con placa N°6105-0475, el cual corresponde a un MONITOR LED, y que consta en el Folio 011;pending
1,105,25;25;y asiento 36, del tomo 1 del Libro de Inventario, fue trasladado del Laboratorio Institucional N°4 a;pending
1,105,26;26;Talleres Exploratorios de Informática, a partir del 18 de febrero del 2022.;pending
1,105,27;27;El activo con placa N°6105-0476, el cual corresponde a un MONITOR LED, y que consta en el Folio 011;pending
1,105,28;28; y asiento 37, del tomo 1 del Libro de Inventario, fue trasladado del Laboratorio Institucional N°4 a;pending
1,105,29;29;Talleres Exploratorios de Informática, a partir del 18 de febrero del 2022.;pending
1,105,30;30;El activo con placa N°6105-0477, el cual corresponde a un MONITOR LED, y que consta en el Folio 011;pending
1,105,31;31;y asiento 38, del tomo 1 del Libro de Inventario, fue trasladado del Laboratorio Institucional N°4 a;pending
1,105,32;32;Talleres Exploratorios de Informática, a partir del 18 de febrero del 2022.;pending
1,105,33;33;El activo con placa N°6105-0478, el cual corresponde a un MONITOR LED, y que consta en el Folio 011;pending
1,105,34;34;y asiento 39, del tomo 1 del Libro de Inventario, fue trasladado del Laboratorio Institucional N°4 a ;pending
1,105,35;35;Talleres Exploratorios de Informática, a partir del 18 de febrero del 2022.;pending
1,105,36;36;El activo con placa N°6105-0439, el cual corresponde a un CPU, y que consta en el Folio 010 y asiento;pending
1,105,37;37;40, del tomo 1 del Libro de Inventario, fue trasladado del Laboratorio Institucional N°4 a Talleres;pending
1,105,38;38;Exploratorios de Informática, a partir del 18 de febrero del 2022.;pending
1,105,39;39;El activo con placa N°6105-0440, el cual corresponde a un CPU, y que consta en el Folio 010 y asiento;pending
1,105,40;40;41, del tomo 1 del Libro de Inventario, fue trasladado del Laboratorio Institucional N°4 a Talleres ;pending
1,105,41;41;Exploratorios de Informática, a partir del 18 de febrero del 2022.;pending
1,106,01;1;El activo con placa N°6105-0441, el cual corresponde a un CPU, y que consta en el Folio 011 y asiento;pending
1,106,02;2;02, del tomo 1 del Libro de Inventario, fue trasladado del Laboratorio Institucional N°4 a Talleres ;pending
1,106,03;3;Exploratorios de Informática, a partir del 18 de febrero del 2022.;pending
1,106,04;4;El activo con placa N°6105-0442, el cual corresponde a un CPU, y que consta en el Folio 011 y asiento;pending
1,106,05;5;03, del tomo 1 del Libro de Inventario, fue trasladado del Laboratorio Institucional N°4 a Talleres;pending
1,106,06;6;Exploratorios de Informática, a partir del 18 de febrero del 2022.;pending
1,106,07;7;El activo con placa N°6105-0443, el cual corresponde a un CPU, y que consta en el Folio 011 y asiento;pending
1,106,08;8;04, del tomo 1 del Libro de Inventario, fue trasladado del Laboratorio Institucional N°4 a Talleres;pending
1,106,09;9;Exploratorios de Informática, a partir del 18 de febrero del 2022.;pending
1,106,10;10;El activo con placa N°6105-0444, el cual corresponde a un CPU, y que consta en el Folio 011 y asiento;pending
1,106,11;11;05, del tomo 1 del Libro de Inventario, fue trasladado del Laboratorio Institucional N°4 a Talleres ;pending
1,106,12;12;Exploratorios de Informática, a partir del 18 de febrero del 2022.;pending
1,106,13;13;El activo con placa N°6105-0445, el cual corresponde a un CPU, y que consta en el Folio 011 y asiento;pending
1,106,14;14;06, del tomo 1 del Libro de Inventario, fue trasladado del Laboratorio Institucional N°4 a Talleres;pending
1,106,15;15;Exploratorios de Informática, a partir del 18 de febrero del 2022.;pending
1,106,16;16;El activo con placa N°6105-0446, el cual corresponde a un CPU, y que consta en el Folio 011 y asiento;pending
1,106,17;17;07, del tomo 1 del Libro de Inventario, fue trasladado del Laboratorio Institucional N°4 a Talleres;pending
1,106,18;18;Exploratorios de Informática, a partir del 18 de febrero del 2022.;pending
1,106,19;19;El activo con placa N°6105-0447, el cual corresponde a un CPU, y que consta en el Folio 011 y asiento;pending
1,106,20;20;08, del tomo 1 del Libro de Inventario, fue trasladado del Laboratorio Institucional N°4 a Talleres ;pending
1,106,21;21;Exploratorios de Informática, a partir del 18 de febrero del 2022.;pending
1,106,22;22;El activo con placa N°6105-0448, el cual corresponde a un CPU, y que consta en el Folio 011 y asiento;pending
1,106,23;23;09, del tomo 1 del Libro de Inventario, fue trasladado del Laboratorio Institucional N°4 a Talleres ;pending
1,106,24;24;Exploratorios de Informática, a partir del 18 de febrero del 2022.;pending
1,106,25;25;El activo con placa N°6105-0449, el cual corresponde a un CPU, y que consta en el Folio 011 y asiento;pending
1,106,26;26;10, del tomo 1 del Libro de Inventario, fue trasladado del Laboratorio Institucional N°4 a Talleres;pending
1,106,27;27;Exploratorios de Informática, a partir del 18 de febrero del 2022.;pending
1,106,28;28;El activo con placa N°6105-0450, el cual corresponde a un CPU, y que consta en el Folio 011 y asiento;pending
1,106,29;29;11, del tomo 1 del Libro de Inventario, fue trasladado del Laboratorio Institucional N°4 a Talleres ;pending
1,106,30;30;Exploratorios de Informática, a partir del 18 de febrero del 2022.;pending
1,106,31;31;El activo con placa N°6105-0451, el cual corresponde a un CPU, y que consta en el Folio 011 y asiento;pending
1,106,32;32;12, del tomo 1 del Libro de Inventario, fue trasladado del Laboratorio Institucional N°4 a Talleres ;pending
1,106,33;33;Exploratorios de Informática, a partir del 18 de febrero del 2022.;pending
1,106,34;34;El activo con placa N°6105-0452, el cual corresponde a un CPU, y que consta en el Folio 011 y asiento;pending
1,106,35;35;13, del tomo 1 del Libro de Inventario, fue trasladado del Laboratorio Institucional N°4 a Talleres;pending
1,106,36;36;Exploratorios de Informática, a partir del 18 de febrero del 2022.;pending
1,106,37;37;El activo con placa N°6105-0453, el cual corresponde a un CPU, y que consta en el Folio 011 y asiento;pending
1,106,38;38;14, del tomo 1 del Libro de Inventario, fue trasladado del Laboratorio Institucional N°4 a Talleres;pending
1,106,39;39;Exploratorios de Informática, a partir del 18 de febrero del 2022.;pending
1,106,40;40;El activo con placa N°6105-0454, el cual corresponde a un CPU, y que consta en el Folio 011 y asiento;pending
1,106,41;41;15, del tomo 1 del Libro de Inventario, fue trasladado del Laboratorio Institucional N°4 a Talleres ;pending
1,107,01;1;Exploratorios de Informática, a partir del 18 de febrero del 2022.;pending
1,107,02;2;El activo con placa N°6105-0455, el cual corresponde a un CPU, y que consta en el Folio 011 y asiento;pending
1,107,03;3;16, del tomo 1 del Libro de Inventario, fue trasladado del Laboratorio Institucional N°4 a Talleres ;pending
1,107,04;4;Exploratorios de Informática, a partir del 18 de febrero del 2022.;pending
1,107,05;5;El activo con placa N°6105-0456, el cual corresponde a un CPU, y que consta en el Folio 011 y asiento;pending
1,107,06;6;17, del tomo 1 del Libro de Inventario, fue trasladado del Laboratorio Institucional N°4 a Talleres ;pending
1,107,07;7;Exploratorios de Informática, a partir del 18 de febrero del 2022.;pending
1,107,08;8;El activo con placa N°6105-0457, el cual corresponde a un CPU, y que consta en el Folio 011 y asiento;pending
1,107,09;9;18, del tomo 1 del Libro de Inventario, fue trasladado del Laboratorio Institucional N°4 a Talleres ;pending
1,107,10;10;Exploratorios de Informática, a partir del 18 de febrero del 2022.;pending
1,107,11;11;El activo con placa N°6105-0458, el cual corresponde a un CPU, y que consta en el Folio 011 y asiento;pending
1,107,12;12;19, del tomo 1 del Libro de Inventario, fue trasladado del Laboratorio Institucional N°4 a Talleres ;pending
1,107,13;13;Exploratorios de Informática, a partir del 18 de febrero del 2022.;pending
1,107,14;14;El activo con placa N°6105-0489, el cual corresponde a una UPS, y que consta en el Folio 012 y ;pending
1,107,15;15;asiento 10, del tomo 1 del Libro de Inventario, fue trasladado del Laboratorio Institucional N°4 a ;pending
1,107,16;16;Talleres Exploratorios de Informática, a partir del 18 de febrero del 2022.;pending
1,107,17;17;El activo con placa N°6105-0490, el cual corresponde a una UPS, y que consta en el Folio 012 y ;pending
1,107,18;18;asiento 11, del tomo 1 del Libro de Inventario, fue trasladado del Laboratorio Institucional N°4 a ;pending
1,107,19;19;Talleres Exploratorios de Informática, a partir del 18 de febrero del 2022.;pending
1,107,20;20;El activo con placa N°6105-0491, el cual corresponde a una UPS, y que consta en el Folio 012 y ;pending
1,107,21;21;asiento 12, del tomo 1 del Libro de Inventario, fue trasladado del Laboratorio Institucional N°4 a ;pending
1,107,22;22;Talleres Exploratorios de Informática, a partir del 18 de febrero del 2022.;pending
1,107,23;23;El activo con placa N°6105-0492, el cual corresponde a una UPS, y que consta en el Folio 012 y ;pending
1,107,24;24;asiento 13, del tomo 1 del Libro de Inventario, fue trasladado del Laboratorio Institucional N°4 a ;pending
1,107,25;25;Talleres Exploratorios de Informática, a partir del 18 de febrero del 2022.;pending
1,107,26;26;El activo con placa N°6105-0493, el cual corresponde a una UPS, y que consta en el Folio 012 y;pending
1,107,27;27;asiento 14, del tomo 1 del Libro de Inventario, fue trasladado del Laboratorio Institucional N°4 a ;pending
1,107,28;28;Talleres Exploratorios de Informática, a partir del 18 de febrero del 2022.;pending
1,107,29;29;El activo con placa N°6105-0494, el cual corresponde a una UPS, y que consta en el Folio 012 y;pending
1,107,30;30;asiento 15, del tomo 1 del Libro de Inventario, fue trasladado del Laboratorio Institucional N°4 a ;pending
1,107,31;31;Talleres Exploratorios de Informática, a partir del 18 de febrero del 2022.;pending
1,107,32;32;El activo con placa N°6105-0495, el cual corresponde a una UPS, y que consta en el Folio 012 y;pending
1,107,33;33;asiento 16, del tomo 1 del Libro de Inventario, fue trasladado del Laboratorio Institucional N°4 a ;pending
1,107,34;34;Talleres Exploratorios de Informática, a partir del 18 de febrero del 2022.;pending
1,107,35;35;El activo con placa N°6105-0496, el cual corresponde a una UPS, y que consta en el Folio 012 y ;pending
1,107,36;36;asiento 17, del tomo 1 del Libro de Inventario, fue trasladado del Laboratorio Institucional N°4 a ;pending
1,107,37;37;Talleres Exploratorios de Informática, a partir del 18 de febrero del 2022.;pending
1,107,38;38;El activo con placa N°6105-0497, el cual corresponde a una UPS, y que consta en el Folio 012 y ;pending
1,107,39;39;asiento 18, del tomo 1 del Libro de Inventario, fue trasladado del Laboratorio Institucional N°4 a ;pending
1,107,40;40;Talleres Exploratorios de Informática, a partir del 18 de febrero del 2022.;pending
1,107,41;41;El activo con placa N°6105-0482, el cual corresponde a una MESA METALICA MELAMINA NEGRA y que;pending
1,108,01;1;consta en el Folio 012 y asiento 03, del tomo 1 del Libro de Inventario, fue trasladado del ;pending
1,108,02;2;Laboratorio Institucional N°4 a Talleres Exploratorios de Informática, a partir del 18 de febrero del;pending
1,108,03;3;2022…................................................................................................................................................;pending
1,108,04;4;El activo con placa N°6105-0483, el cual corresponde a una MESA METALICA MELAMINA NEGRA y que;pending
1,108,05;5;consta en el Folio 012 y asiento 04, del tomo 1 del Libro de Inventario, fue trasladado del;pending
1,108,06;6;Laboratorio Institucional N°4 a Talleres Exploratorios de Informática, a partir del 18 de febrero del ;pending
1,108,07;7;2022…................................................................................................................................................;pending
1,108,08;8;El activo con placa N°6105-0484, el cual corresponde a una MESA METALICA MELAMINA NEGRA y que;pending
1,108,09;9;consta en el Folio 012 y asiento 05, del tomo 1 del Libro de Inventario, fue trasladado del ;pending
1,108,10;10;Laboratorio Institucional N°4 a Talleres Exploratorios de Informática, a partir del 18 de febrero del ;pending
1,108,11;11;2022…...............................................................................................................................................;pending
1,108,12;12;El activo con placa N°6105-0485, el cual corresponde a una MESA METALICA MELAMINA NEGRA y que;pending
1,108,13;13;consta en el Folio 012 y asiento 06, del tomo 1 del Libro de Inventario, fue trasladado del ;pending
1,108,14;14;Laboratorio Institucional N°4 a Talleres Exploratorios de Informática, a partir del 18 de febrero del ;pending
1,108,15;15;2022…...............................................................................................................................................;pending
1,108,16;16;El activo con placa N°6105-0486, el cual corresponde a una MESA METALICA MELAMINA NEGRA y que;pending
1,108,17;17;consta en el Folio 012 y asiento 07, del tomo 1 del Libro de Inventario, fue trasladado del ;pending
1,108,18;18;Laboratorio Institucional N°4 a Talleres Exploratorios de Informática, a partir del 18 de febrero del ;pending
1,108,19;19;2022…..............................................................................................................................................;pending
1,108,20;20;El activo con placa N°6105-1332, el cual corresponde a una SILLA y que consta en el Folio 033 y ;pending
1,108,21;21;asiento 13, del tomo 1 del Libro de Inventario, fue trasladado del Laboratorio Institucional N°4 a ;pending
1,108,22;22;Talleres Exploratorios de Informática, a partir del 18 de febrero del 2022.;pending
1,108,23;23;El activo con placa N°6105-1333, el cual corresponde a una SILLA y que consta en el Folio 033 y ;pending
1,108,24;24;asiento 14, del tomo 1 del Libro de Inventario, fue trasladado del Laboratorio Institucional N°4 a ;pending
1,108,25;25;Talleres Exploratorios de Informática, a partir del 18 de febrero del 2022.;pending
1,108,26;26;El activo con placa N°6105-1334, el cual corresponde a una SILLA y que consta en el Folio 033 y ;pending
1,108,27;27;asiento 15, del tomo 1 del Libro de Inventario, fue trasladado del Laboratorio Institucional N°4 a ;pending
1,108,28;28;Talleres Exploratorios de Informática, a partir del 18 de febrero del 2022.;pending
1,108,29;29;El activo con placa N°6105-1335, el cual corresponde a una SILLA y que consta en el Folio 033 y ;pending
1,108,30;30;asiento 16, del tomo 1 del Libro de Inventario, fue trasladado del Laboratorio Institucional N°4 a ;pending
1,108,31;31;Talleres Exploratorios de Informática, a partir del 18 de febrero del 2022.;pending
1,108,32;32;El activo con placa N°6105-1336, el cual corresponde a una SILLA y que consta en el Folio 033 y ;pending
1,108,33;33;asiento 17, del tomo 1 del Libro de Inventario, fue trasladado del Laboratorio Institucional N°4 a ;pending
1,108,34;34;Talleres Exploratorios de Informática, a partir del 18 de febrero del 2022.;pending
1,108,35;35;El activo con placa N°6105-1337, el cual corresponde a una SILLA y que consta en el Folio 033 y ;pending
1,108,36;36;asiento 18, del tomo 1 del Libro de Inventario, fue trasladado del Laboratorio Institucional N°4 a ;pending
1,108,37;37;Talleres Exploratorios de Informática, a partir del 18 de febrero del 2022.;pending
1,108,38;38;El activo con placa N°6105-1338, el cual corresponde a una SILLA y que consta en el Folio 033 y;pending
1,108,39;39;asiento 19, del tomo 1 del Libro de Inventario, fue trasladado del Laboratorio Institucional N°4 a ;pending
1,108,40;40;Talleres Exploratorios de Informática, a partir del 18 de febrero del 2022.;pending
1,108,41;41;El activo con placa N°6105-1339, el cual corresponde a una SILLA y que consta en el Folio 033 y;pending
1,109,01;1;asiento 20, del tomo 1 del Libro de Inventario, fue trasladado del Laboratorio Institucional N°4 a;pending
1,109,02;2;Talleres Exploratorios de Informática, a partir del 18 de febrero del 2022.;pending
1,109,03;3;El activo con placa N°6105-1340, el cual corresponde a una SILLA y que consta en el Folio 033 y ;pending
1,109,04;4;asiento 21, del tomo 1 del Libro de Inventario, fue trasladado del Laboratorio Institucional N°4 a ;pending
1,109,05;5;Talleres Exploratorios de Informática, a partir del 18 de febrero del 2022.;pending
1,109,06;6;El activo con placa N°6105-1341, el cual corresponde a una SILLA y que consta en el Folio 033 y ;pending
1,109,07;7;asiento 22, del tomo 1 del Libro de Inventario, fue trasladado del Laboratorio Institucional N°4 a ;pending
1,109,08;8;Talleres Exploratorios de Informática, a partir del 18 de febrero del 2022.;pending
1,109,09;9;El activo con placa N°6105-1342, el cual corresponde a una SILLA y que consta en el Folio 033 y ;pending
1,109,10;10;asiento 23, del tomo 1 del Libro de Inventario, fue trasladado del Laboratorio Institucional N°4 a ;pending
1,109,11;11;Talleres Exploratorios de Informática, a partir del 18 de febrero del 2022.;pending
1,109,12;12;El activo con placa N°6105-1343, el cual corresponde a una SILLA y que consta en el Folio 033 y ;pending
1,109,13;13;asiento 24, del tomo 1 del Libro de Inventario, fue trasladado del Laboratorio Institucional N°4 a ;pending
1,109,14;14;Talleres Exploratorios de Informática, a partir del 18 de febrero del 2022.;pending
1,109,15;15;El activo con placa N°6105-1344, el cual corresponde a una SILLA y que consta en el Folio 033 y ;pending
1,109,16;16;asiento 25, del tomo 1 del Libro de Inventario, fue trasladado del Laboratorio Institucional N°4 a ;pending
1,109,17;17;Talleres Exploratorios de Informática, a partir del 18 de febrero del 2022.;pending
1,109,18;18;El activo con placa N°6105-1345, el cual corresponde a una SILLA y que consta en el Folio 033 y ;pending
1,109,19;19;asiento 26, del tomo 1 del Libro de Inventario, fue trasladado del Laboratorio Institucional N°4 a ;pending
1,109,20;20;Talleres Exploratorios de Informática, a partir del 18 de febrero del 2022.;pending
1,109,21;21;El activo con placa N°6105-1346, el cual corresponde a una SILLA y que consta en el Folio 033 y;pending
1,109,22;22;asiento 27, del tomo 1 del Libro de Inventario, fue trasladado del Laboratorio Institucional N°4 a ;pending
1,109,23;23;Talleres Exploratorios de Informática, a partir del 18 de febrero del 2022.;pending
1,109,24;24;El activo con placa N°6105-1347, el cual corresponde a una SILLA y que consta en el Folio 033 y ;pending
1,109,25;25;asiento 28, del tomo 1 del Libro de Inventario, fue trasladado del Laboratorio Institucional N°4 a ;pending
1,109,26;26;Talleres Exploratorios de Informática, a partir del 18 de febrero del 2022.;pending
1,109,27;27;El activo con placa N°6105-1348, el cual corresponde a una SILLA y que consta en el Folio 033 y ;pending
1,109,28;28;asiento 29, del tomo 1 del Libro de Inventario, fue trasladado del Laboratorio Institucional N°4 a ;pending
1,109,29;29;Talleres Exploratorios de Informática, a partir del 18 de febrero del 2022.;pending
1,109,30;30;El activo con placa N°6105-1349, el cual corresponde a una SILLA y que consta en el Folio 033 y ;pending
1,109,31;31;asiento 30, del tomo 1 del Libro de Inventario, fue trasladado del Laboratorio Institucional N°4 a ;pending
1,109,32;32;Talleres Exploratorios de Informática, a partir del 18 de febrero del 2022.;pending
1,109,33;33;El activo con placa N°6105-1350, el cual corresponde a una SILLA y que consta en el Folio 033 y ;pending
1,109,34;34;asiento 31, del tomo 1 del Libro de Inventario, fue trasladado del Laboratorio Institucional N°4 a ;pending
1,109,35;35;Talleres Exploratorios de Informática, a partir del 18 de febrero del 2022.;pending
1,109,36;36;El activo con placa N°6105-1351, el cual corresponde a una SILLA y que consta en el Folio 033 y ;pending
1,109,37;37;asiento 32, del tomo 1 del Libro de Inventario, fue trasladado del Laboratorio Institucional N°4 a;pending
1,109,38;38;Talleres Exploratorios de Informática, a partir del 18 de febrero del 2022.;pending
1,109,39;39;El activo con placa N°6105-0055, el cual corresponde a una UPS y que consta en el Folio 003 y asiento;pending
1,109,40;40;16, del tomo 1 del Libro de Inventario, fue trasladado del Laboratorio Institucional N°1 a ;pending
1,109,41;41;Laboratorio Institucional N°6, a partir del 04 de noviembre del 2022.;pending
1,110,01;1;El activo con placa N°6105-0056, el cual corresponde a una UPS y que consta en el Folio 003 y asiento;pending
1,110,02;2;17, del tomo 1 del Libro de Inventario, fue trasladado del Laboratorio Institucional N°1 a;pending
1,110,03;3;Laboratorio Institucional N°6, a partir del 04 de noviembre del 2022.;pending
1,110,04;4;El activo con placa N°6105-0057, el cual corresponde a una UPS y que consta en el Folio 003 y asiento;pending
1,110,05;5;18, del tomo 1 del Libro de Inventario, fue trasladado del Laboratorio Institcuional N°1 a;pending
1,110,06;6;Laboratorio Institucional N°6, a partir del 04 de noviembre del 2022.;pending
1,110,07;7;El activo con placa N°6105-0058, el cual corresponde a una UPS y que consta en el Folio 003 y asiento;pending
1,110,08;8;19, del tomo 1 del Libro de Inventario, fue trasladado del Laboratorio Institucional N°1 a ;pending
1,110,09;9;Laboratorio Institucional N°6, a partir del 04 de noviembre del 2022.;pending
1,110,10;10;El activo con placa N°6105-0059, el cual corresponde a una UPS y que consta en el Folio 003 y asiento;pending
1,110,11;11;20, del tomo 1 del Libro de Inventario, fue trasladado del Laboratorio Institucional N°1 a ;pending
1,110,12;12;Laboratorio Institucional N°6, a partir del 04 de noviembre del 2022.;pending
1,110,13;13;El activo con placa N°6105-0060, el cual corresponde a una UPS y que consta en el Folio 003 y asiento;pending
1,110,14;14;21, del tomo 1 del Libro de Inventario, fue trasladado del Laboratorio Institucional N°1 a ;pending
1,110,15;15;Laboratorio Institucional N°6, a partir del 04 de noviembre del 2022.;pending
1,110,16;16;El activo con placa N°6105-0061, el cual corresponde a una UPS y que consta en el Folio 003 y asiento;pending
1,110,17;17;22, del tomo 1 del Libro de Inventario, fue trasladado del Laboratorio Institucional N°1 a ;pending
1,110,18;18;Laboratorio Institucional N°6, a partir del 04 de noviembre del 2022.;pending
1,110,19;19;El activo con placa N°6105-0062, el cual corresponde a una UPS y que consta en el Folio 003 y asiento;pending
1,110,20;20;23, del tomo 1 del Libro de Inventario, fue trasladado del Laboratorio Institucional N°1 a ;pending
1,110,21;21;Laboratorio Institucional N°6, a partir del 04 de noviembre del 2022.;pending
1,110,22;22;El activo con placa N°6105-0063, el cual corresponde a una UPS y que consta en el Folio 003 y asiento;pending
1,110,23;23;24, del tomo 1 del Libro de Inventario, fue trasladado del Laboratorio Institucional N°1 a;pending
1,110,24;24;Laboratorio Institucional N°6, a partir del 04 de noviembre del 2022.;pending
1,110,25;25;El activo con placa N°6105-0064, el cual corresponde a una UPS y que consta en el Folio 003 y asiento;pending
1,110,26;26;25, del tomo 1 del Libro de Inventario, fue trasladado del Laboratorio Institucional N°1 a ;pending
1,110,27;27;Laboratorio Institucional N°6, a partir del 04 de noviembre del 2022.;pending
1,110,28;28;El activo con placa N°6105-0065, el cual corresponde a un MONITOR LED y que consta en el Folio 003;pending
1,110,29;29;y asiento 26, del tomo 1 del Libro de Inventario, fue trasladado del Laboratorio Institucional N°1 a;pending
1,110,30;30;Laboratorio Institucional N°6, a partir del 04 de noviembre del 2022.;pending
1,110,31;31;El activo con placa N°6105-0066, el cual corresponde a un MONITOR LED y que consta en el Folio 003;pending
1,110,32;32;y asiento 27, del tomo 1 del Libro de Inventario, fue trasladado del Laboratorio Institucional N°1 a;pending
1,110,33;33;Laboratorio Institucional N°6, a partir del 04 de noviembre del 2022.;pending
1,110,34;34;El activo con placa N°6105-0067, el cual corresponde a un MONITOR LED y que consta en el Folio 003;pending
1,110,35;35;y asiento 28, del tomo 1 del Libro de Inventario, fue trasladado del Laboratorio Institucional N°1 a;pending
1,110,36;36;Laboratorio Institucional N°6, a partir del 04 de noviembre del 2022.;pending
1,110,37;37;El activo con placa N°6105-0068, el cual corresponde a un MONITOR LED y que consta en el Folio 003;pending
1,110,38;38;y asiento 29, del tomo 1 del Libro de Inventario, fue trasladado del Laboratorio Institucional N°1 a;pending
1,110,39;39;Laboratorio Institucional N°6, a partir del 04 de noviembre del 2022.;pending
1,110,40;40;El activo con placa N°6105-0069, el cual corresponde a un MONITOR LED y que consta en el Folio 003;pending
1,110,41;41;y asiento 30, del tomo 1 del Libro de Inventario, fue trasladado del Laboratorio Institucional N°1 a ;pending
1,111,01;1;Laboratorio Institucional N°6, a partir del 04 de noviembre del 2022.;pending
1,111,02;2;El activo con placa N°6105-0070, el cual corresponde a un MONITOR LED y que consta en el Folio 003;pending
1,111,03;3;y asiento 31, del tomo 1 del Libro de Inventario, fue trasladado del Laboratorio Institucional N°1 a ;pending
1,111,04;4;Laboratorio Institucional N°6, a partir del 04 de noviembre del 2022.;pending
1,111,05;5;El activo con placa N°6105-0071, el cual corresponde a un MONITOR LED y que consta en el Folio 003;pending
1,111,06;6;y asiento 32, del tomo 1 del Libro de Inventario, fue trasladado del Laboratorio Institucional N°1 a;pending
1,111,07;7;Laboratorio Institucional N°6, a partir del 04 de noviembre del 2022.;pending
1,111,08;8;El activo con placa N°6105-0072, el cual corresponde a un MONITOR LED y que consta en el Folio 003;pending
1,111,09;9;y asiento 33, del tomo 1 del Libro de Inventario, fue trasladado del Laboratorio Institucional N°1 a;pending
1,111,10;10;Laboratorio Institucional N°6, a partir del 04 de noviembre del 2022.;pending
1,111,11;11;El activo con placa N°6105-0073, el cual corresponde a un MONITOR LED y que consta en el Folio 003 ;pending
1,111,12;12;y asiento 34, del tomo 1 del Libro de Inventario, fue trasladado del Laboratorio Institucional N°1 a ;pending
1,111,13;13;Laboratorio Institucional N°6, a partir del 04 de noviembre del 2022.;pending
1,111,14;14;El activo con placa N°6105-0074, el cual corresponde a un MONITOR LED y que consta en el Folio 003 ;pending
1,111,15;15;y asiento 35, del tomo 1 del Libro de Inventario, fue trasladado del Laboratorio Institucional N°1 a ;pending
1,111,16;16;Laboratorio Institucional N°6, a partir del 04 de noviembre del 2022.;pending
1,111,17;17;El activo con placa N°6105-0075, el cual corresponde a un MONITOR LED y que consta en el Folio 003;pending
1,111,18;18;y asiento 36, del tomo 1 del Libro de Inventario, fue trasladado del Laboratorio Institucional N°1 a ;pending
1,111,19;19;Laboratorio Institucional N°6, a partir del 04 de noviembre del 2022.;pending
1,111,20;20;El activo con placa N°6105-0076, el cual corresponde a un MONITOR LED y que consta en el Folio 003 ;pending
1,111,21;21;y asiento 37, del tomo 1 del Libro de Inventario, fue trasladado del Laboratorio Institucional N°1 a;pending
1,111,22;22;Laboratorio Institucional N°6, a partir del 04 de noviembre del 2022.;pending
1,111,23;23;El activo con placa N°6105-0077, el cual corresponde a un MONITOR LED y que consta en el Folio 003;pending
1,111,24;24;y asiento 38, del tomo 1 del Libro de Inventario, fue trasladado del Laboratorio Institucional N°1 a ;pending
1,111,25;25;Laboratorio Institucional N°6, a partir del 04 de noviembre del 2022.;pending
1,111,26;26;El activo con placa N°6105-0078, el cual corresponde a un MONITOR LED y que consta en el Folio 003;pending
1,111,27;27;y asiento 39, del tomo 1 del Libro de Inventario, fue trasladado del Laboratorio Institucional N°1 a ;pending
1,111,28;28;Laboratorio Institucional N°6, a partir del 04 de noviembre del 2022.;pending
1,111,29;29;El activo con placa N°6105-0079, el cual corresponde a un MONITOR LED y que consta en el Folio 003;pending
1,111,30;30;y asiento 40, del tomo 1 del Libro de Inventario, fue trasladado del Laboratorio Institucional N°1 a ;pending
1,111,31;31;Laboratorio Institucional N°6, a partir del 04 de noviembre del 2022.;pending
1,111,32;32;El activo con placa N°6105-0080, el cual corresponde a un MONITOR LED y que consta en el Folio 003 ;pending
1,111,33;33;y asiento 41, del tomo 1 del Libro de Inventario, fue trasladado del Laboratorio Institucional N°1 a ;pending
1,111,34;34;Laboratorio Institucional N°6, a partir del 04 de noviembre del 2022.;pending
1,111,35;35;El activo con placa N°6105-0081, el cual corresponde a un CPU y que consta en el Folio 004 y asiento;pending
1,111,36;36;02, del tomo 1 del Libro de Inventario, fue trasladado del Laboratorio Institucional N°1 a ;pending
1,111,37;37;Laboratorio Institucional N°6, a partir del 04 de noviembre del 2022.;pending
1,111,38;38;El activo con placa N°6105-0082, el cual corresponde a un CPU y que consta en el Folio 004 y asiento ;pending
1,111,39;39;03, del tomo 1 del Libro de Inventario, fue trasladado del Laboratorio Institucional N°1 a Laboratorio;pending
1,111,40;40;Institucional N°6, a partir del 04 de noviembre del 2022.;pending
1,111,41;41;El activo con placa N°6105-0083, el cual corresponde a un CPU y que consta en el Folio 004 y asiento;pending
1,112,01;1;04, del tomo 1 del Libro de Inventario, fue trasladado del Laboratorio Institucional N°1 a ;pending
1,112,02;2;Laboratorio Institucional N°6, a partir del 04 de noviembre del 2022.;pending
1,112,03;3;El activo con placa N°6105-0084, el cual corresponde a un CPU y que consta en el Folio 004 y asiento;pending
1,112,04;4;05, del tomo 1 del Libro de Inventario, fue trasladado del Laboratorio Institucional N°1 a ;pending
1,112,05;5;Laboratorio Institucional N°6, a partir del 04 de noviembre del 2022.;pending
1,112,06;6;El activo con placa N°6105-0085, el cual corresponde a un CPU y que consta en el Folio 004 y asiento;pending
1,112,07;7;06, del tomo 1 del Libro de Inventario, fue trasladado del Laboratorio Institucional N°1 a ;pending
1,112,08;8;Laboratorio Institucional N°6, a partir del 04 de noviembre del 2022.;pending
1,112,09;9;El activo con placa N°6105-0086, el cual corresponde a un CPU y que consta en el Folio 004 y asiento;pending
1,112,10;10;07, del tomo 1 del Libro de Inventario, fue trasladado del Laboratorio Institucional N°1 a ;pending
1,112,11;11;Laboratorio Institucional N°6, a partir del 04 de noviembre del 2022.;pending
1,112,12;12;El activo con placa N°6105-0087, el cual corresponde a un CPU y que consta en el Folio 004 y asiento;pending
1,112,13;13;08, del tomo 1 del Libro de Inventario, fue trasladado del Laboratorio Institucional N°1 a ;pending
1,112,14;14;Laboratorio Institucional N°6, a partir del 04 de noviembre del 2022.;pending
1,112,15;15;El activo con placa N°6105-0088, el cual corresponde a un CPU y que consta en el Folio 004 y asiento;pending
1,112,16;16;09, del tomo 1 del Libro de Inventario, fue trasladado del Laboratorio Institucional N°1 a ;pending
1,112,17;17;Laboratorio Institucional N°6, a partir del 04 de noviembre del 2022.;pending
1,112,18;18;El activo con placa N°6105-0089, el cual corresponde a un CPU y que consta en el Folio 004 y asiento;pending
1,112,19;19;10, del tomo 1 del Libro de Inventario, fue trasladado del Laboratorio Institucional N°1 a ;pending
1,112,20;20;Laboratorio Institucional N°6, a partir del 04 de noviembre del 2022.;pending
1,112,21;21;El activo con placa N°6105-0090, el cual corresponde a un CPU y que consta en el Folio 004 y asiento;pending
1,112,22;22;11, del tomo 1 del Libro de Inventario, fue trasladado del Laboratorio Institucional N°1 a ;pending
1,112,23;23;Laboratorio Institucional N°6, a partir del 04 de noviembre del 2022.;pending
1,112,24;24;El activo con placa N°6105-0091, el cual corresponde a un CPU y que consta en el Folio 004 y asiento;pending
1,112,25;25;12, del tomo 1 del Libro de Inventario, fue trasladado del Laboratorio Institucional N°1 a;pending
1,112,26;26;Laboratorio Institucional N°6, a partir del 04 de noviembre del 2022.;pending
1,112,27;27;El activo con placa N°6105-0092, el cual corresponde a un CPU y que consta en el Folio 004 y asiento;pending
1,112,28;28;13, del tomo 1 del Libro de Inventario, fue trasladado del Laboratorio Institucional N°1 a ;pending
1,112,29;29;Laboratorio Institucional N°6, a partir del 04 de noviembre del 2022.;pending
1,112,30;30;El activo con placa N°6105-0093, el cual corresponde a un CPU y que consta en el Folio 004 y asiento;pending
1,112,31;31;14, del tomo 1 del Libro de Inventario, fue trasladado del Laboratorio Institucional N°1 a ;pending
1,112,32;32;Laboratorio Institucional N°6, a partir del 04 de noviembre del 2022.;pending
1,112,33;33;El activo con placa N°6105-0094, el cual corresponde a un CPU y que consta en el Folio 004 y asiento;pending
1,112,34;34;15, del tomo 1 del Libro de Inventario, fue trasladado del Laboratorio Institucional N°1 a ;pending
1,112,35;35;Laboratorio Institucional N°6, a partir del 04 de noviembre del 2022.;pending
1,112,36;36;El activo con placa N°6105-0095, el cual corresponde a un CPU y que consta en el Folio 004 y asiento;pending
1,112,37;37;16, del tomo 1 del Libro de Inventario, fue trasladado del Laboratorio Institucional N°1 a;pending
1,112,38;38;Laboratorio Institucional N°6, a partir del 04 de noviembre del 2022.;pending
1,112,39;39;El activo con placa N°6105-0096, el cual corresponde a un CPU y que consta en el Folio 004 y asiento;pending
1,112,40;40;17, del tomo 1 del Libro de Inventario, fue trasladado del Laboratorio Institucional N°1 a;pending
1,112,41;41;Laboratorio Institucional N°6, a partir del 04 de noviembre del 2022.;pending
1,113,01;1;El activo con placa N°6105-3017, el cual corresponde a un PROYECTOR y que consta en el Folio 077 y;pending
1,113,02;2;asiento 18, del tomo 1 del Libro de Inventario, fue trasladado del Laboratorio de Mantenimiento a ;pending
1,113,03;3;Laboratorio Institucional N°1, a partir del 22 de setiembre del 2022.;pending
1,113,04;4;El activo con placa N°6105-0550, el cual corresponde a una PORTATIL  y que consta en el Folio 013 y ;pending
1,113,05;5;asiento 31, del tomo 1 del Libro de Inventario, fue dado de baja del inventario institucinal a partir ;pending
1,113,06;6;del 29 de agosto de 2022, por motivo de obsolescencia, según consta en el acta extraordinaria N°16-;pending
1,113,07;7;2022, la cual se encuentra en los archivos de esta institución.;pending
1,113,08;8;El activo con placa N°6105-0551, el cual corresponde a una PORTATIL  y que consta en el Folio 013 y ;pending
1,113,09;9;asiento 32, del tomo 1 del Libro de Inventario, fue dado de baja del inventario institucinal a partir ;pending
1,113,10;10;del 29 de agosto de 2022, por motivo de obsolescencia, según consta en el acta extraordinaria N°16-;pending
1,113,11;11;2022, la cual se encuentra en los archivos de esta institución.;pending
1,113,12;12;El activo con placa N°6105-0552, el cual corresponde a una PORTATIL  y que consta en el Folio 013 y;pending
1,113,13;13;asiento 33, del tomo 1 del Libro de Inventario, fue dado de baja del inventario institucinal a partir ;pending
1,113,14;14;del 29 de agosto de 2022, por motivo de obsolescencia, según consta en el acta extraordinaria N°16-;pending
1,113,15;15;2022, la cual se encuentra en los archivos de esta institución.;pending
1,113,16;16;El activo con placa N°6105-0553, el cual corresponde a una PORTATIL  y que consta en el Folio 013 y ;pending
1,113,17;17;asiento 34, del tomo 1 del Libro de Inventario, fue dado de baja del inventario institucinal a partir ;pending
1,113,18;18;del 29 de agosto de 2022, por motivo de obsolescencia, según consta en el acta extraordinaria N°16-;pending
1,113,19;19;2022, la cual se encuentra en los archivos de esta institución.;pending
1,113,20;20;El activo con placa N°6105-0554, el cual corresponde a una PORTATIL  y que consta en el Folio 013 y ;pending
1,113,21;21;asiento 35, del tomo 1 del Libro de Inventario, fue dado de baja del inventario institucinal a partir ;pending
1,113,22;22;del 29 de agosto de 2022, por motivo de obsolescencia, según consta en el acta extraordinaria N°16-;pending
1,113,23;23;2022, la cual se encuentra en los archivos de esta institución.;pending
1,113,24;24;El activo con placa N°6105-0555, el cual corresponde a una PORTATIL  y que consta en el Folio 013 y;pending
1,113,25;25;asiento 36, del tomo 1 del Libro de Inventario, fue dado de baja del inventario institucinal a partir ;pending
1,113,26;26;del 29 de agosto de 2022, por motivo de obsolescencia, según consta en el acta extraordinaria N°16-;pending
1,113,27;27;2022, la cual se encuentra en los archivos de esta institución.;pending
1,113,28;28;El activo con placa N°6105-0556, el cual corresponde a una PORTATIL  y que consta en el Folio 013 y ;pending
1,113,29;29;asiento 37, del tomo 1 del Libro de Inventario, fue dado de baja del inventario institucinal a partir ;pending
1,113,30;30;del 29 de agosto de 2022, por motivo de obsolescencia, según consta en el acta extraordinaria N°16-;pending
1,113,31;31;2022, la cual se encuentra en los archivos de esta institución.;pending
1,113,32;32;El activo con placa N°6105-0557, el cual corresponde a una PORTATIL  y que consta en el Folio 013 y;pending
1,113,33;33;asiento 38, del tomo 1 del Libro de Inventario, fue dado de baja del inventario institucinal a partir ;pending
1,113,34;34;del 29 de agosto de 2022, por motivo de obsolescencia, según consta en el acta extraordinaria N°16-;pending
1,113,35;35;2022, la cual se encuentra en los archivos de esta institución.;pending
1,113,36;36;El activo con placa N°6105-0558, el cual corresponde a una PORTATIL  y que consta en el Folio 013 y ;pending
1,113,37;37;asiento 39, del tomo 1 del Libro de Inventario, fue dado de baja del inventario institucinal a partir ;pending
1,113,38;38;del 29 de agosto de 2022, por motivo de obsolescencia, según consta en el acta extraordinaria N°16-;pending
1,113,39;39;2022, la cual se encuentra en los archivos de esta institución.;pending
1,113,40;40;El activo con placa N°6105-0559, el cual corresponde a una PORTATIL  y que consta en el Folio 013 y ;pending
1,113,41;41;asiento 40, del tomo 1 del Libro de Inventario, fue dado de baja del inventario institucinal a partir ;pending
1,114,01;1;del 29 de agosto de 2022, por motivo de obsolescencia, según consta en el acta extraordinaria N°16-;pending
1,114,02;2;2022, la cual se encuentra en los archivos de esta institución.;pending
1,114,03;3;El activo con placa N°6105-1522, el cual corresponde a un GENERADOR DE SEÑAL  y que consta en el;pending
1,114,04;4;Folio 038 y asiento 03, del tomo 1 del Libro de Inventario, fue dado de baja del inventario ;pending
1,114,05;5;institucinal a partir del 29 de agosto de 2022, por motivo de obsolescencia, según consta en el acta;pending
1,114,06;6;extraordinaria N°16-2022, la cual se encuentra en los archivos de esta institución.;pending
1,114,07;7;El activo con placa N°6105-1523, el cual corresponde a un GENERADOR DE SEÑAL  y que consta en el;pending
1,114,08;8;Folio 038  y asiento 04, del tomo 1 del Libro de Inventario, fue dado de baja del inventario ;pending
1,114,09;9;institucinal a partir del 29 de agosto de 2022, por motivo de obsolescencia, según consta en el acta;pending
1,114,10;10;extraordinaria N°16-2022, la cual se encuentra en los archivos de esta institución.;pending
1,114,11;11;El activo con placa N°6105-1524, el cual corresponde a un GENERADOR DE SEÑAL  y que consta en el;pending
1,114,12;12;Folio 038 y asiento 05, del tomo 1 del Libro de Inventario, fue dado de baja del inventario ;pending
1,114,13;13;institucinal a partir del 29 de agosto de 2022, por motivo de obsolescencia, según consta en el acta;pending
1,114,14;14;extraordinaria N°16-2022, la cual se encuentra en los archivos de esta institución.;pending
1,114,15;15;El activo con placa N°6105-1525, el cual corresponde a un GENERADOR DE SEÑAL  y que consta en el;pending
1,114,16;16;Folio 038 y asiento 06, del tomo 1 del Libro de Inventario, fue dado de baja del inventario ;pending
1,114,17;17;institucinal a partir del 29 de agosto de 2022, por motivo de obsolescencia, según consta en el acta;pending
1,114,18;18;extraordinaria N°16-2022, la cual se encuentra en los archivos de esta institución.;pending
1,114,19;19;El activo con placa N°6105-1539, el cual corresponde a un GENERADOR DE SEÑAL  y que consta en el;pending
1,114,20;20;Folio 038 y asiento 20, del tomo 1 del Libro de Inventario, fue dado de baja del inventario ;pending
1,114,21;21;institucinal a partir del 29 de agosto de 2022, por motivo de obsolescencia, según consta en el acta ;pending
1,114,22;22;extraordinaria N°16-2022, la cual se encuentra en los archivos de esta institución.;pending
1,114,23;23;El activo con placa N°6105-1867, el cual corresponde a un GENERADOR DE SEÑAL  y que consta en el ;pending
1,114,24;24;Folio 046 y asiento 28, del tomo 1 del Libro de Inventario, fue dado de baja del inventario ;pending
1,114,25;25;institucinal a partir del 29 de agosto de 2022, por motivo de obsolescencia, según consta en el acta;pending
1,114,26;26;extraordinaria N°16-2022, la cual se encuentra en los archivos de esta institución.;pending
1,114,27;27;El activo con placa N°6105-1868, el cual corresponde a un GENERADOR DE SEÑAL  y que consta en el;pending
1,114,28;28;Folio 046 y asiento 29, del tomo 1 del Libro de Inventario, fue dado de baja del inventario ;pending
1,114,29;29;institucinal a partir del 29 de agosto de 2022, por motivo de obsolescencia, según consta en el acta ;pending
1,114,30;30;extraordinaria N°16-2022, la cual se encuentra en los archivos de esta institución.;pending
1,114,31;31;El activo con placa N°6105-1939, el cual corresponde a un GENERADOR DE SEÑAL  y que consta en el;pending
1,114,32;32;Folio 048 y asiento 20, del tomo 1 del Libro de Inventario, fue dado de baja del inventario;pending
1,114,33;33;institucinal a partir del 29 de agosto de 2022, por motivo de obsolescencia, según consta en el acta;pending
1,114,34;34;extraordinaria N°16-2022, la cual se encuentra en los archivos de esta institución.;pending
1,114,35;35;El activo con placa N°6105-1518, el cual corresponde a una FUENTE  y que consta en el Folio 037 y ;pending
1,114,36;36;asiento 39, del tomo 1 del Libro de Inventario, fue dado de baja del inventario institucinal a partir ;pending
1,114,37;37;del 29 de agosto de 2022, por motivo de obsolescencia, según consta en el acta extraordinaria N°16-;pending
1,114,38;38;2022, la cual se encuentra en los archivos de esta institución.;pending
1,114,39;39;El activo con placa N°6105-1519, el cual corresponde a una FUENTE  y que consta en el Folio 037 y ;pending
1,114,40;40;asiento 40, del tomo 1 del Libro de Inventario, fue dado de baja del inventario institucinal a partir ;pending
1,114,41;41;del 29 de agosto de 2022, por motivo de obsolescencia, según consta en el acta extraordinaria N°16-;pending
1,115,01;1;2022, la cual se encuentra en los archivos de esta institución.;pending
1,115,02;2;El activo con placa N°6105-1520, el cual corresponde a una FUENTE  y que consta en el Folio 037 y ;pending
1,115,03;3;asiento 41, del tomo 1 del Libro de Inventario, fue dado de baja del inventario institucinal a partir ;pending
1,115,04;4;del 29 de agosto de 2022, por motivo de obsolescencia, según consta en el acta extraordinaria N°16-;pending
1,115,05;5;2022, la cual se encuentra en los archivos de esta institución.;pending
1,115,06;6;El activo con placa N°6105-1521, el cual corresponde a una FUENTE  y que consta en el Folio 038 y ;pending
1,115,07;7;asiento 02, del tomo 1 del Libro de Inventario, fue dado de baja del inventario institucinal a partir ;pending
1,115,08;8;del 29 de agosto de 2022, por motivo de obsolescencia, según consta en el acta extraordinaria N°16-;pending
1,115,09;9;2022, la cual se encuentra en los archivos de esta institución.;pending
1,115,10;10;El activo con placa N°6105-1938, el cual corresponde a una FUENTE  y que consta en el Folio 048 y ;pending
1,115,11;11;asiento 19, del tomo 1 del Libro de Inventario, fue dado de baja del inventario institucinal a partir ;pending
1,115,12;12;del 29 de agosto de 2022, por motivo de obsolescencia, según consta en el acta extraordinaria N°16-;pending
1,115,13;13;2022, la cual se encuentra en los archivos de esta institución.;pending
1,115,14;14;El activo con placa N°6105-1941, el cual corresponde a una FUENTE  y que consta en el Folio 048 y ;pending
1,115,15;15;asiento 22, del tomo 1 del Libro de Inventario, fue dado de baja del inventario institucinal a partir ;pending
1,115,16;16;del 29 de agosto de 2022, por motivo de obsolescencia, según consta en el acta extraordinaria N°16-;pending
1,115,17;17;2022, la cual se encuentra en los archivos de esta institución.;pending
1,115,18;18;El activo con placa N°6105-1943, el cual corresponde a una FUENTE  y que consta en el Folio 048 y ;pending
1,115,19;19;asiento 24, del tomo 1 del Libro de Inventario, fue dado de baja del inventario institucinal a partir ;pending
1,115,20;20;del 29 de agosto de 2022, por motivo de obsolescencia, según consta en el acta extraordinaria N°16-;pending
1,115,21;21;2022, la cual se encuentra en los archivos de esta institución.;pending
1,115,22;22;El activo con placa N°6105-1944, el cual corresponde a una FUENTE  y que consta en el Folio 048 y ;pending
1,115,23;23;asiento 25, del tomo 1 del Libro de Inventario, fue dado de baja del inventario institucinal a partir ;pending
1,115,24;24;del 29 de agosto de 2022, por motivo de obsolescencia, según consta en el acta extraordinaria N°16-;pending
1,115,25;25;2022, la cual se encuentra en los archivos de esta institución.;pending
1,115,26;26;El activo con placa N°6105-1510, el cual corresponde a una OSCILLOSCOPE  y que consta en el Folio ;pending
1,115,27;27;037 y asiento 31, del tomo 1 del Libro de Inventario, fue dado de baja del inventario institucinal a;pending
1,115,28;28;partir del 29 de agosto de 2022, por motivo de obsolescencia, según consta en el acta extraordinaria ;pending
1,115,29;29;N°16-2022, la cual se encuentra en los archivos de esta institución.;pending
1,115,30;30;El activo con placa N°6105-1511, el cual corresponde a una OSCILLOSCOPE  y que consta en el Folio ;pending
1,115,31;31;037 y asiento 32, del tomo 1 del Libro de Inventario, fue dado de baja del inventario institucinal a ;pending
1,115,32;32;partir del 29 de agosto de 2022, por motivo de obsolescencia, según consta en el acta extraordinaria;pending
1,115,33;33;N°16-2022, la cual se encuentra en los archivos de esta institución.;pending
1,115,34;34;El activo con placa N°6105-1512, el cual corresponde a una OSCILLOSCOPE  y que consta en el Folio ;pending
1,115,35;35;037 y asiento 33, del tomo 1 del Libro de Inventario, fue dado de baja del inventario institucinal a;pending
1,115,36;36;partir del 29 de agosto de 2022, por motivo de obsolescencia, según consta en el acta extraordinaria ;pending
1,115,37;37;N°16-2022, la cual se encuentra en los archivos de esta institución.;pending
1,115,38;38;El activo con placa N°6105-1513, el cual corresponde a una OSCILLOSCOPE  y que consta en el Folio ;pending
1,115,39;39;037 y asiento 34, del tomo 1 del Libro de Inventario, fue dado de baja del inventario institucinal a ;pending
1,115,40;40;partir del 29 de agosto de 2022, por motivo de obsolescencia, según consta en el acta extraordinaria;pending
1,115,41;41;N°16-2022, la cual se encuentra en los archivos de esta institución.;pending
1,116,01;1;El activo con placa N°6105-1514, el cual corresponde a una OSCILLOSCOPE  y que consta en el Folio ;pending
1,116,02;2;037 y asiento 35, del tomo 1 del Libro de Inventario, fue dado de baja del inventario institucinal a ;pending
1,116,03;3;partir del 29 de agosto de 2022, por motivo de obsolescencia, según consta en el acta extraordinaria;pending
1,116,04;4;N°16-2022, la cual se encuentra en los archivos de esta institución.;pending
1,116,05;5;El activo con placa N°6105-1515, el cual corresponde a una OSCILLOSCOPE  y que consta en el Folio ;pending
1,116,06;6;037 y asiento 36, del tomo 1 del Libro de Inventario, fue dado de baja del inventario institucinal a ;pending
1,116,07;7;partir del 29 de agosto de 2022, por motivo de obsolescencia, según consta en el acta extraordinaria;pending
1,116,08;8;N°16-2022, la cual se encuentra en los archivos de esta institución.;pending
1,116,09;9;El activo con placa N°6105-1516, el cual corresponde a una OSCILLOSCOPE  y que consta en el Folio;pending
1,116,10;10;037 y asiento 37, del tomo 1 del Libro de Inventario, fue dado de baja del inventario institucinal a ;pending
1,116,11;11;partir del 29 de agosto de 2022, por motivo de obsolescencia, según consta en el acta extraordinaria;pending
1,116,12;12;N°16-2022, la cual se encuentra en los archivos de esta institución.;pending
1,116,13;13;El activo con placa N°6105-1029, el cual corresponde a un MONITOR y que consta en el Folio 025 y ;pending
1,116,14;14;asiento 30, del tomo 1 del Libro de Inventario, fue dado de baja del inventario institucinal a partir ;pending
1,116,15;15;del 29 de agosto de 2022, por motivo de obsolescencia, según consta en el acta extraordinaria N°16-;pending
1,116,16;16;2022, la cual se encuentra en los archivos de esta institución.;pending
1,116,17;17;El activo con placa N°6105-1030, el cual corresponde a un MONITOR y que consta en el Folio 025 y ;pending
1,116,18;18;asiento 31, del tomo 1 del Libro de Inventario, fue dado de baja del inventario institucinal a partir ;pending
1,116,19;19;del 29 de agosto de 2022, por motivo de obsolescencia, según consta en el acta extraordinaria N°16-;pending
1,116,20;20;2022, la cual se encuentra en los archivos de esta institución.;pending
1,116,21;21;El activo con placa N°6105-1031, el cual corresponde a un MONITOR y que consta en el Folio 025 y ;pending
1,116,22;22;asiento 32, del tomo 1 del Libro de Inventario, fue dado de baja del inventario institucinal a partir ;pending
1,116,23;23;del 29 de agosto de 2022, por motivo de obsolescencia, según consta en el acta extraordinaria N°16-;pending
1,116,24;24;2022, la cual se encuentra en los archivos de esta institución.;pending
1,116,25;25;El activo con placa N°6105-1047, el cual corresponde a un MONITOR y que consta en el Folio 026 y ;pending
1,116,26;26;asiento 08, del tomo 1 del Libro de Inventario, fue dado de baja del inventario institucinal a partir ;pending
1,116,27;27;del 29 de agosto de 2022, por motivo de obsolescencia, según consta en el acta extraordinaria N°16-;pending
1,116,28;28;2022, la cual se encuentra en los archivos de esta institución.;pending
1,116,29;29;El activo con placa N°6105-1048, el cual corresponde a un MONITOR y que consta en el Folio 026 y ;pending
1,116,30;30;asiento 09, del tomo 1 del Libro de Inventario, fue dado de baja del inventario institucinal a partir ;pending
1,116,31;31;del 29 de agosto de 2022, por motivo de obsolescencia, según consta en el acta extraordinaria N°16-;pending
1,116,32;32;2022, la cual se encuentra en los archivos de esta institución.;pending
1,116,33;33;El activo con placa N°6105-1049, el cual corresponde a un MONITOR y que consta en el Folio 026 y ;pending
1,116,34;34;asiento 10, del tomo 1 del Libro de Inventario, fue dado de baja del inventario institucinal a partir ;pending
1,116,35;35;del 29 de agosto de 2022, por motivo de obsolescencia, según consta en el acta extraordinaria N°16-;pending
1,116,36;36;2022, la cual se encuentra en los archivos de esta institución.;pending
1,116,37;37;El activo con placa N°6105-1050, el cual corresponde a un MONITOR y que consta en el Folio 026  y ;pending
1,116,38;38;asiento 11, del tomo 1 del Libro de Inventario, fue dado de baja del inventario institucinal a partir ;pending
1,116,39;39;del 29 de agosto de 2022, por motivo de obsolescencia, según consta en el acta extraordinaria N°16-;pending
1,116,40;40;2022, la cual se encuentra en los archivos de esta institución.;pending
1,116,41;41;El activo con placa N°6105-1051, el cual corresponde a un MONITOR y que consta en el Folio 026 y ;pending
1,117,01;1;asiento 12, del tomo 1 del Libro de Inventario, fue dado de baja del inventario institucinal a partir ;pending
1,117,02;2;del 29 de agosto de 2022, por motivo de obsolescencia, según consta en el acta extraordinaria N°16-;pending
1,117,03;3;2022, la cual se encuentra en los archivos de esta institución.;pending
1,117,04;4;El activo con placa N°6105-1052, el cual corresponde a un MONITOR y que consta en el Folio 026 y ;pending
1,117,05;5;asiento 13, del tomo 1 del Libro de Inventario, fue dado de baja del inventario institucinal a partir ;pending
1,117,06;6;del 29 de agosto de 2022, por motivo de obsolescencia, según consta en el acta extraordinaria N°16-;pending
1,117,07;7;2022, la cual se encuentra en los archivos de esta institución.;pending
1,117,08;8;El activo con placa N°6105-1053, el cual corresponde a un MONITOR y que consta en el Folio 026 y ;pending
1,117,09;9;asiento 14, del tomo 1 del Libro de Inventario, fue dado de baja del inventario institucinal a partir ;pending
1,117,10;10;del 29 de agosto de 2022, por motivo de obsolescencia, según consta en el acta extraordinaria N°16-;pending
1,117,11;11;2022, la cual se encuentra en los archivos de esta institución.;pending
1,117,12;12;El activo con placa N°6105-1054, el cual corresponde a un MONITOR y que consta en el Folio 026 y ;pending
1,117,13;13;asiento 15, del tomo 1 del Libro de Inventario, fue dado de baja del inventario institucinal a partir ;pending
1,117,14;14;del 29 de agosto de 2022, por motivo de obsolescencia, según consta en el acta extraordinaria N°16-;pending
1,117,15;15;2022, la cual se encuentra en los archivos de esta institución.;pending
1,117,16;16;El activo con placa N°6105-1055, el cual corresponde a un MONITOR y que consta en el Folio 026 y ;pending
1,117,17;17;asiento 16, del tomo 1 del Libro de Inventario, fue dado de baja del inventario institucinal a partir ;pending
1,117,18;18;del 29 de agosto de 2022, por motivo de obsolescencia, según consta en el acta extraordinaria N°16-;pending
1,117,19;19;2022, la cual se encuentra en los archivos de esta institución.;pending
1,117,20;20;El activo con placa N°6105-1024, el cual corresponde a una CPU y que consta en el Folio 025 y asiento ;pending
1,117,21;21;25, del tomo 1 del Libro de Inventario, fue dado de baja del inventario institucinal a partir del 29 de ;pending
1,117,22;22;agosto de 2022, por motivo de obsolescencia, según consta en el acta extraordinaria N°16-2022, la ;pending
1,117,23;23;cual se encuentra en los archivos de esta institución.;pending
1,117,24;24;El activo con placa N°6105-1025, el cual corresponde a una CPU y que consta en el Folio 025 y asiento;pending
1,117,25;25;26, del tomo 1 del Libro de Inventario, fue dado de baja del inventario institucinal a partir del 29 de ;pending
1,117,26;26;agosto de 2022, por motivo de obsolescencia, según consta en el acta extraordinaria N°16-2022, la ;pending
1,117,27;27;cual se encuentra en los archivos de esta institución.;pending
1,117,28;28;El activo con placa N°6105-1026, el cual corresponde a una CPU y que consta en el Folio 025 y asiento;pending
1,117,29;29;27, del tomo 1 del Libro de Inventario, fue dado de baja del inventario institucinal a partir del 29 de ;pending
1,117,30;30;agosto de 2022, por motivo de obsolescencia, según consta en el acta extraordinaria N°16-2022, la ;pending
1,117,31;31;cual se encuentra en los archivos de esta institución.;pending
1,117,32;32;El activo con placa N°6105-1027, el cual corresponde a una CPU y que consta en el Folio 025 y asiento ;pending
1,117,33;33;28, del tomo 1 del Libro de Inventario, fue dado de baja del inventario institucinal a partir del 29 de ;pending
1,117,34;34;agosto de 2022, por motivo de obsolescencia, según consta en el acta extraordinaria N°16-2022, la ;pending
1,117,35;35;cual se encuentra en los archivos de esta institución.;pending
1,117,36;36;El activo con placa N°6105-1028, el cual corresponde a una CPU y que consta en el Folio 025 y asiento ;pending
1,117,37;37;29, del tomo 1 del Libro de Inventario, fue dado de baja del inventario institucinal a partir del 29 de ;pending
1,117,38;38;agosto de 2022, por motivo de obsolescencia, según consta en el acta extraordinaria N°16-2022, la ;pending
1,117,39;39;cual se encuentra en los archivos de esta institución.;pending
1,117,40;40;El activo con placa N°6105-1039, el cual corresponde a una CPU y que consta en el Folio 025 y asiento ;pending
1,117,41;41;40, del tomo 1 del Libro de Inventario, fue dado de baja del inventario institucinal a partir del 29 de ;pending
1,118,01;1;agosto de 2022, por motivo de obsolescencia, según consta en el acta extraordinaria N°16-2022, la ;pending
1,118,02;2;cual se encuentra en los archivos de esta institución.;pending
1,118,03;3;El activo con placa N°6105-1040, el cual corresponde a una CPU y que consta en el Folio 025 y asiento;pending
1,118,04;4;41, del tomo 1 del Libro de Inventario, fue dado de baja del inventario institucinal a partir del 29 de ;pending
1,118,05;5;agosto de 2022, por motivo de obsolescencia, según consta en el acta extraordinaria N°16-2022, la ;pending
1,118,06;6;cual se encuentra en los archivos de esta institución.;pending
1,118,07;7;El activo con placa N°6105-1041, el cual corresponde a una CPU y que consta en el Folio 026 y asiento;pending
1,118,08;8;02, del tomo 1 del Libro de Inventario, fue dado de baja del inventario institucinal a partir del 29 de;pending
1,118,09;9;agosto de 2022, por motivo de obsolescencia, según consta en el acta extraordinaria N°16-2022, la ;pending
1,118,10;10;cual se encuentra en los archivos de esta institución.;pending
1,118,11;11;El activo con placa N°6105-1042, el cual corresponde a una CPU y que consta en el Folio 026 y asiento;pending
1,118,12;12;03, del tomo 1 del Libro de Inventario, fue dado de baja del inventario institucinal a partir del 29 de;pending
1,118,13;13;agosto de 2022, por motivo de obsolescencia, según consta en el acta extraordinaria N°16-2022, la;pending
1,118,14;14;cual se encuentra en los archivos de esta institución.;pending
1,118,15;15;El activo con placa N°6105-1043, el cual corresponde a una CPU y que consta en el Folio 026 y asiento;pending
1,118,16;16;04, del tomo 1 del Libro de Inventario, fue dado de baja del inventario institucinal a partir del 29 de;pending
1,118,17;17;agosto de 2022, por motivo de obsolescencia, según consta en el acta extraordinaria N°16-2022, la;pending
1,118,18;18;cual se encuentra en los archivos de esta institución.;pending
1,118,19;19;El activo con placa N°6105-1044, el cual corresponde a una CPU y que consta en el Folio 026 y asiento;pending
1,118,20;20;05, del tomo 1 del Libro de Inventario, fue dado de baja del inventario institucinal a partir del 29 de;pending
1,118,21;21;agosto de 2022, por motivo de obsolescencia, según consta en el acta extraordinaria N°16-2022, la ;pending
1,118,22;22;cual se encuentra en los archivos de esta institución.;pending
1,118,23;23;El activo con placa N°6105-1045, el cual corresponde a una CPU y que consta en el Folio 026 y asiento;pending
1,118,24;24;06, del tomo 1 del Libro de Inventario, fue dado de baja del inventario institucinal a partir del 29 de ;pending
1,118,25;25;agosto de 2022, por motivo de obsolescencia, según consta en el acta extraordinaria N°16-2022, la ;pending
1,118,26;26;cual se encuentra en los archivos de esta institución.;pending
1,118,27;27;El activo con placa N°6105-1046, el cual corresponde a una CPU y que consta en el Folio 026 y asiento;pending
1,118,28;28;07, del tomo 1 del Libro de Inventario, fue dado de baja del inventario institucinal a partir del 29 de ;pending
1,118,29;29;agosto de 2022, por motivo de obsolescencia, según consta en el acta extraordinaria N°16-2022, la;pending
1,118,30;30;cual se encuentra en los archivos de esta institución.;pending
1,118,31;31;El activo con placa N°6105-1081, el cual corresponde a una UPS y que consta en el Folio 027 y asiento;pending
1,118,32;32;02, del tomo 1 del Libro de Inventario, fue dado de baja del inventario institucinal a partir del 29 de ;pending
1,118,33;33;agosto de 2022, por motivo de obsolescencia, según consta en el acta extraordinaria N°16-2022, la   ;pending
1,118,34;34;cual se encuentra en los archivos de esta institución.;pending
1,118,35;35;El activo con placa N°6105-1082, el cual corresponde a una UPS y que consta en el Folio 027 y asiento ;pending
1,118,36;36;03, del tomo 1 del Libro de Inventario, fue dado de baja del inventario institucinal a partir del 29 de ;pending
1,118,37;37;agosto de 2022, por motivo de obsolescencia, según consta en el acta extraordinaria N°16-2022, la ;pending
1,118,38;38;cual se encuentra en los archivos de esta institución.;pending
1,118,39;39;El activo con placa N°6105-1083, el cual corresponde a una UPS y que consta en el Folio 027 y asiento ;pending
1,118,40;40;04, del tomo 1 del Libro de Inventario, fue dado de baja del inventario institucinal a partir del 29 de ;pending
1,118,41;41;agosto de 2022, por motivo de obsolescencia, según consta en el acta extraordinaria N°16-2022, la ;pending
1,119,02;2;cual se encuentra en los archivos de esta institución.;pending
1,119,03;3;El activo con placa N°6105-1084, el cual corresponde a una UPS y que consta en el Folio 027 y asiento;pending
1,119,04;4;05, del tomo 1 del Libro de Inventario, fue dado de baja del inventario institucinal a partir del 29 de ;pending
1,119,05;5;agosto de 2022, por motivo de obsolescencia, según consta en el acta extraordinaria N°16-2022, la ;pending
1,119,06;6;cual se encuentra en los archivos de esta institución.;pending
1,119,07;7;El activo con placa N°6105-1085, el cual corresponde a una UPS y que consta en el Folio 027 y asiento;pending
1,119,08;8;06, del tomo 1 del Libro de Inventario, fue dado de baja del inventario institucinal a partir del 29 de;pending
1,119,09;9;agosto de 2022, por motivo de obsolescencia, según consta en el acta extraordinaria N°16-2022, la ;pending
1,119,10;10;cual se encuentra en los archivos de esta institución.;pending
1,119,11;11;El activo con placa N°6105-1086, el cual corresponde a una UPS y que consta en el Folio 027 y asiento;pending
1,119,12;12;07, del tomo 1 del Libro de Inventario, fue dado de baja del inventario institucinal a partir del 29 de ;pending
1,119,13;13;agosto de 2022, por motivo de obsolescencia, según consta en el acta extraordinaria N°16-2022, la ;pending
1,119,14;14;cual se encuentra en los archivos de esta institución.;pending
1,119,15;15;cual se encuentra en los archivos de esta institución.;pending
1,119,16;16;El activo con placa N°6105-1087, el cual corresponde a una UPS y que consta en el Folio 027 y asiento;pending
1,119,17;17;08, del tomo 1 del Libro de Inventario, fue dado de baja del inventario institucinal a partir del 29 de ;pending
1,119,18;18;agosto de 2022, por motivo de obsolescencia, según consta en el acta extraordinaria N°16-2022, la ;pending
1,119,19;19;cual se encuentra en los archivos de esta institución.;pending
1,121,21;21;El activo con placa N°6105-1038, el cual corresponde a una CPU y que consta en el Folio 025 y asiento ;pending
1,121,22;22;39, del tomo 1 del Libro de Inventario, fue dado de baja del inventario institucional a partir del 29 de;pending
1,121,23;23; agosto de 2022, por motivo de obsolescencia, según consta en el acta extraordinaria N°16-2022, la ;pending
1,121,24;24;cual se encuentra en los archivos de esta institución.;pending
1,121,25;25;Los activos con placa 6105-3648 al 6105-3665 indican en la SERIE la anotación N/A, siendo lo correcto;pending
1,121,26;26; N/I.;pending
1,121,27;27;Los activos con placa 6105-3666 al 6105-3667 indican en la MARCA, MODELO y SERIE la anotación N/A,;pending
1,121,28;28; siendo lo correcto N/I. ;pending
1,121,29;29;Los activos con placa 6105-3818 al 6105-3877 indican en la MARCA, MODELO y SERIE la anotación N/A, ;pending
1,121,30;30; siendo lo correcto N/I.;pending
